0,1
superbowl,1
luv,1
drew,1
stole,1
powder,1
benny,1
worked,1
wrap,1
sheet,1
predictions,1
thunderstorm,1
respuesta,1
springs,1
fence,1
dirty,1
girlfriends,1
star,1
maroon,1
address,1
triplets,1
hott,1
lake,1
entry,1
batear,1
banner,1
jack,1
2002,1
rollin,1
miracle,1
wednesday,1
hennessy,1
ignoran,1
laug,1
bbb,1
bounce,1
aaaaaand,1
murraysville,1
pandemic,1
stock,1
scare,1
attend,1
lesser,1
talking,1
bate,1
album,1
norte,1
passed,1
bills,1
narrates,1
sh,1
fyp,1
humans,1
several,1
traveling,1
nadie,1
telling,1
ordered,1
atardecer,1
promo,1
sny,1
race,1
mind,1
roads,1
edt,1
20036,1
visits,1
gametime,1
clearly,1
connection,1
chapman,1
forcing,1
bristol,1
checks,1
airport,1
become,1
prize,1
franchise,1
simmons,1
geeked,1
azzwipe,1
80,1
general,1
favors,1
suite,1
along,1
termina,1
smoking,1
mucho,1
pharmacy,1
rang,1
mugs,1
ur√≠as,1
link,1
nail,1
volvamos,1
ov,1
626,1
stomach,1
ùôíùô§ùôßùô°ùôô,1
perder,1
repetitive,1
believin,1
near,1
wings,1
1er,1
spurred,1
99,1
ad,1
lately,1
dollars,1
dump,1
pebblebrook,1
impactful,1
warm,1
serve,1
lighting,1
fyi,1
trades,1
tri,1
plz,1
area,1
rushing,1
driving,1
sealing,1
kolsch,1
covidaho,1
profound,1
wipes,1
mariano,1
flashback,1
wreck,1
likely,1
aparic,1
domina,1
adds,1
whatever,1
lord,1
fuego,1
giving,1
unit,1
contenders,1
recliner,1
245,1
cocktail,1
mr,1
gulls,1
sporting,1
rigging,1
lbj,1
fix,1
tempted,1
united,1
sluggin,1
oddly,1
head,1
dollar,1
marks,1
sucks,1
dp,1
125,1
response,1
losses,1
grabbing,1
bums,1
trust,1
mastercard,1
value,1
hernandez,1
legs,1
smiley,1
pitche,1
wtf,1
serious,1
saugus,1
lifespan,1
este,1
nex,1
boii,1
brink,1
denver,1
elliott,1
approach,1
called,1
abs,1
fund,1
personal,1
derby,1
absolute,1
mike,1
injury,1
bottle,1
sparc,1
announce,1
gradkowski,1
ji,1
140,1
7th,1
collab,1
bastard,1
cheater,1
fuckkkk,1
noche,1
nk,1
coworkers,1
amp,1
manziel,1
847,1
emotion,1
budweiser,1
loser,1
maxwell,1
introductions,1
feeli,1
cheers,1
performed,1
crap,1
update,1
nibbled,1
bat,1
champa,1
minis,1
member,1
screen,1
martinez,1
equivalent,1
pins,1
blaze,1
chip,1
bs,1
blunts,1
fellow,1
trop,1
13,1
hrs,1
virginia,1
senate,1
towards,1
price,1
saved,1
preds,1
yng,1
brand,1
insinuating,1
yooooo,1
hi,1
contact,1
proof,1
upper,1
spoken,1
smile,1
las,1
golf,1
pockets,1
king,1
arms,1
arod,1
retail,1
sleeve,1
parties,1
mccann,1
access,1
nibbles,1
fitness,1
showed,1
2013,1
fl,1
trouble,1
milwaukie,1
fee,1
703,1
relaxation,1
sex,1
tiene,1
cougars,1
associa,1
ellison,1
coffee,1
stars,1
titans,1
wack,1
jumbotron,1
republic,1
lasorda,1
wore,1
gane,1
1920,1
radar,1
positive,1
namjoon,1
sake,1
tnf,1
mask,1
film,1
views,1
450,1
dropped,1
azlyne,1
note,1
hesperia,1
freese,1
joda,1
midterm,1
nerves,1
double,1
lessssgoooooo,1
stroke,1
souvenirs,1
coup,1
confused,1
1959,1
tone,1
shirtless,1
persona,1
competed,1
lindsey,1
garv,1
prot,1
gus,1
15,1
service,1
drugs,1
clinch,1
bomb,1
a1,1
shoe,1
blued,1
states,1
hammerin,1
goose,1
instills,1
giuliani,1
sells,1
pushed,1
group,1
reaction,1
soul,1
rant,1
often,1
hinge,1
incompetent,1
writers,1
sigo,1
freshman,1
women,1
ot7,1
grayslake,1
wnba,1
rbis,1
past,1
shortened,1
fkn,1
crossing,1
grant,1
flipping,1
amaury,1
gym,1
chris,1
dates,1
approves,1
eating,1
voice,1
27,1
spots,1
worse,1
competent,1
difi,1
repeat,1
defens,1
vuelan,1
citywalk,1
woke,1
clubhouse,1
understands,1
bottles,1
noah,1
streaming,1
condolences,1
village,1
santa,1
cuteeeeee,1
biggest,1
prepared,1
airing,1
palm,1
mouse,1
upset,1
bless,1
ten,1
blows,1
surprised,1
neck,1
420,1
ahhhh,1
sorts,1
rosemary,1
booooo,1
benefit,1
chinn,1
accordingly,1
filthy,1
575,1
egg,1
bayard,1
box,1
bus,1
closet,1
fckn,1
cafe,1
reminder,1
perfecci√≥n,1
black,1
pollock,1
elected,1
certain,1
protocol,1
holidays,1
starbucks,1
2b,1
brooklyn,1
covidiots,1
playlist,1
hershizer,1
eran,1
memories,1
pescador,1
2004,1
uggh,1
lowkey,1
bop,1
catalizador,1
hiring,1
tree,1
32,1
biter,1
shame,1
mf,1
accident,1
siempre,1
movie,1
120,1
stopped,1
adorable,1
despi,1
boiler,1
reagan,1
mothafucka,1
obelisk,1
chiva,1
international,1
setting,1
tbd,1
watta,1
ph,1
joey,1
continues,1
dawg,1
illinois,1
quien,1
majes,1
28,1
kiddin,1
issues,1
amados,1
crows,1
sending,1
vamonos,1
myrtle,1
million,1
wubble,1
nomas,1
shaming,1
siete,1
putting,1
lengthy,1
imfeklar,1
sunday,1
pathetic,1
clown,1
prospering,1
atwater,1
pecs,1
weapons,1
screw,1
unfished,1
shed,1
mis,1
russ,1
stress,1
sho,1
renditions,1
role,1
physically,1
meaning,1
windup,1
oooohhh,1
sleeper,1
culver,1
fully,1
seattles,1
bruh,1
shake,1
celtics,1
becomes,1
saves,1
noted,1
trave,1
hurting,1
recovering,1
louisiana,1
network,1
xtra,1
comes,1
wishing,1
umm,1
sandy,1
wholesome,1
ted,1
k√≠ke,1
figured,1
suntrust,1
siente,1
changed,1
collapse,1
dominate,1
herbert,1
casual,1
leaned,1
jewish,1
thousand,1
verlander,1
rick,1
c√≠clope,1
distracted,1
type,1
center,1
gaiter,1
tunein,1
dumont,1
front,1
unis,1
dong,1
1944,1
howe,1
sing,1
flappy,1
108,1
target,1
closing,1
stores,1
cfm,1
luego,1
monday,1
broad,1
pats,1
lightfoot,1
abou,1
december,1
sends,1
cooking,1
stranger,1
manger,1
include,1
66,1
hocks,1
tpir,1
highlands,1
llena,1
taco,1
tropicana,1
mixed,1
warzone,1
completed,1
bags,1
returns,1
em,1
media,1
envelope,1
sal,1
salami,1
tires,1
ana,1
stronger,1
plus,1
theat,1
daughter,1
trynna,1
peach,1
brilliant,1
momen,1
president,1
energy,1
o4,1
awarded,1
cock,1
dr,1
lemon,1
90s,1
tv,1
doesnt,1
floro,1
calm,1
redwood,1
chillin,1
else,1
kelby,1
yaaas,1
gsoc,1
digan,1
bandwagon,1
cerquita,1
genu,1
culture,1
candidates,1
lmaoo,1
reminds,1
ah,1
composed,1
mofo,1
trip,1
priceless,1
ranked,1
patient,1
stripped,1
terrible,1
counselor,1
comment,1
shane,1
phoenix,1
galore,1
jeffrey,1
max,1
asked,1
nerd,1
building,1
coaches,1
bartender,1
username,1
drip,1
ale,1
option,1
moral,1
nonsense,1
sense,1
tribe,1
signals,1
sayonce,1
reasonable,1
cleared,1
iconic,1
tormentor,1
oil,1
ahhh,1
thats,1
elliot,1
caminar,1
practices,1
grill,1
coolest,1
scared,1
sigue,1
flew,1
view,1
slim,1
silly,1
korea,1
lil,1
zoom,1
weeks,1
todays,1
smacks,1
pride,1
creepy,1
wilson,1
highlights,1
dunk,1
sister,1
evidence,1
dreams,1
thin,1
yuck,1
fair,1
legend,1
rules,1
yank,1
todo,1
bets,1
tik,1
renaissance,1
parents,1
legendary,1
hype,1
minors,1
song,1
paradise,1
760,1
considered,1
whenever,1
19,1
illegitimate,1
schools,1
touchdowns,1
senior,1
bump,1
crucial,1
flight,1
dahn,1
cheering,1
heirlooms,1
breakdown,1
smell,1
preguntar,1
message,1
permanent,1
statistics,1
tmrw,1
briefing,1
stressing,1
wa,1
death,1
navy,1
squads,1
sandwich,1
smoked,1
entering,1
xrays,1
cry,1
mamis,1
kenley,1
indians,1
jairo,1
requested,1
wise,1
rewrite,1
ùô©ùôùùôö,1
locking,1
bubbles,1
nl,1
ultimately,1
apartments,1
alone,1
currently,1
north,1
blacks,1
whether,1
staal,1
spoke,1
jamboard,1
degenerates,1
ho,1
janitors,1
analysis,1
skater,1
scorekeeping,1
relive,1
1994,1
doubt,1
bullshit,1
errors,1
regardless,1
vendors,1
mother,1
winter,1
ddgers,1
period,1
sexy,1
11,1
handy,1
wish,1
shots,1
eligible,1
movies,1
busting,1
using,1
injured,1
random,1
progreso,1
fruits,1
amigo,1
hang,1
bent,1
regard,1
faith,1
pst,1
sps,1
chester,1
appropriate,1
hangi,1
serving,1
cma,1
warning,1
lived,1
excitement,1
loot,1
ftw,1
asleep,1
mamba,1
cardiologist,1
ave,1
uri,1
rule,1
committee,1
comer,1
ghsa,1
landed,1
comer√≠a,1
downtown,1
krenshaw,1
jumping,1
release,1
resting,1
grouchy,1
headline,1
adopted,1
hurricanes,1
tax,1
eppenbach,1
nooooo,1
regarding,1
seeds,1
cooler,1
godfather,1
wrays,1
holy,1
picheo,1
everywhere,1
green,1
minnesota,1
bruce,1
gold,1
bobbleheads,1
shakopee,1
retro,1
mexico,1
fucken,1
giveaway,1
married,1
rox,1
stankees,1
promise,1
fell,1
seager,1
pen,1
fading,1
cardinal,1
opener,1
dan,1
ugh,1
ding,1
spot,1
rivera,1
classic,1
tattooed,1
piano,1
lasts,1
existence,1
mentions,1
involved,1
easier,1
wichita,1
became,1
springer,1
growing,1
o7,1
smashed,1
traveler,1
energ√≠as,1
proved,1
turned,1
mafia,1
ownership,1
liz,1
channels,1
thirty,1
kirk,1
lata,1
sooooo,1
chabot,1
4am,1
mar,1
statistical,1
hump,1
bench,1
damage,1
walks,1
nevada,1
desde,1
beloved,1
salvatore,1
wht,1
cant,1
reasons,1
soliciting,1
organization,1
lori,1
handshake,1
sprinkled,1
boss,1
heartbreaks,1
shirt,1
told,1
jugar√°,1
seat,1
ice,1
momentum,1
jewel,1
pelda√±os,1
pulls,1
pineapple,1
dying,1
virtually,1
calendar,1
triple,1
problem,1
grateful,1
known,1
blm,1
anti,1
liked,1
zone,1
lean,1
bears,1
lafc,1
satisfied,1
unlikely,1
algorithms,1
orel,1
estamos,1
mostly,1
viruses,1
encino,1
sc,1
375,1
earned,1
settled,1
therapist,1
rivals,1
positivity,1
mano,1
nahhhh,1
youre,1
ùôûùô£,1
tl,1
jumped,1
attire,1
study,1
chicago,1
tonite,1
slot,1
hornets,1
awhile,1
rod,1
jackie,1
fifth,1
servant,1
ninja,1
breakout,1
noaa,1
importantly,1
afecta,1
releas,1
1b,1
jueguito,1
episode,1
clever,1
famous,1
gif,1
steal,1
piss,1
winner,1
disappointment,1
grove,1
manifesting,1
expand,1
teammate,1
girls,1
cbs,1
bainbridge,1
sequece,1
staying,1
850,1
johnny,1
beltran,1
typo,1
paint,1
dolphins,1
commissioner,1
feed,1
activated,1
full,1
ful,1
places,1
neither,1
outings,1
watermelon,1
domination,1
miami,1
upstate,1
base,1
astro,1
ace,1
ves,1
included,1
asf,1
incomparable,1
tricia,1
belong,1
ct3,1
dominic,1
bowden,1
nc,1
columbia,1
insane,1
recent,1
peace,1
baking,1
gave,1
ingredients,1
tema,1
voicemail,1
person,1
nearly,1
spenders,1
staff,1
cuz,1
claves,1
polls,1
pour,1
pur√©e,1
tongue,1
hearted,1
blown,1
perfect,1
boiled,1
portion,1
1q,1
collected,1
liking,1
neal,1
chiefs,1
7p,1
windows,1
list,1
tostitos,1
pumpkin,1
level,1
ernie,1
grey,1
unfiltered,1
lo,1
especially,1
ambitious,1
o24,1
bit,1
actu,1
straight,1
step,1
prescribed,1
crapload,1
2001,1
baez,1
hamburguer,1
plano,1
khalifa,1
veeks,1
di,1
march,1
wound,1
pelota,1
hostile,1
si,1
epic,1
nearby,1
fish,1
necessary,1
pleaseeeee,1
drag,1
exciting,1
hefty,1
carry,1
recommend,1
compliments,1
tops,1
fives,1
bakery,1
citi,1
mannn,1
solved,1
yr,1
smooth,1
morning,1
works,1
genesis,1
veggies,1
becau,1
britt,1
ton,1
utilized,1
welcome,1
power,1
fueron,1
gray,1
oriole,1
destrade,1
shouldnt,1
normal,1
mark,1
bobby,1
standing,1
crimes,1
lions,1
hora,1
fue,1
video,1
expos,1
heat,1
stash,1
duh,1
helped,1
rt,1
michigan,1
rosters,1
interested,1
ver,1
obama,1
river,1
charity,1
fml,1
paintings,1
johnson,1
chosen,1
uni,1
captain,1
est,1
leaguers,1
chairman,1
v3,1
argument,1
illuminated,1
listos,1
br,1
army,1
authorized,1
earlier,1
constantly,1
caring,1
grab,1
idea,1
escalando,1
months,1
graterol,1
introducing,1
latest,1
edition,1
ones,1
yeee,1
secret,1
bodell,1
deep,1
office,1
ive,1
stuff,1
pos,1
1997,1
compliment,1
road,1
emmanuel,1
drop,1
admirer,1
mail,1
rayshawn,1
goddamn,1
sooooooo,1
dip,1
leadoff,1
bliss,1
truth,1
toks,1
shopping,1
omen,1
roof,1
parlaying,1
minor,1
wake,1
corona,1
words,1
tito,1
archer,1
unwatchable,1
determine,1
robinson,1
competitive,1
players,1
budget,1
orleans,1
concur,1
expire,1
fersureeeeeeee,1
ùôéùôöùôßùôûùôöùô®,1
09,1
somehow,1
rayshaun,1
specials,1
orgullosos,1
facebook,1
cucamonga,1
wear,1
version,1
glory,1
estadio,1
9th,1
turns,1
250,1
alley,1
pay,1
rural,1
tatted,1
adames,1
carr,1
libs,1
willy,1
vintage,1
technically,1
fine,1
estos,1
chef,1
aid,1
interaction,1
ground,1
renting,1
severe,1
color,1
espiritual,1
steeley,1
wax,1
italian,1
election,1
defensive,1
capitols,1
speaking,1
together,1
orestes,1
244,1
detail,1
fight,1
premiering,1
cover,1
duck,1
idiots,1
entire,1
boring,1
peacefully,1
souvenir,1
sammies,1
goooooooooooo,1
royals,1
tears,1
pattern,1
drought,1
report,1
hella,1
gimme,1
leggo,1
hold,1
mirrors,1
scumbag,1
attempts,1
cy,1
pissant,1
gop,1
selection,1
ganar,1
podcast,1
tornow,1
hav,1
ratio,1
springsteen,1
rancho,1
infinity,1
locally,1
pisses,1
ahhhhh,1
bottoms,1
south,1
93,1
17th,1
rank,1
late,1
liar,1
toobin,1
carter,1
rainy,1
iiiiiiiiiiiiiiiiiiiiiiiiiiiiiiiiiiiiiiiiiiiitttttttttsssssssss,1
forward,1
hated,1
jiggy,1
event,1
internet,1
exes,1
kinda,1
yell,1
byu,1
tear,1
alabama,1
wit,1
pulled,1
father,1
tbl,1
rookie,1
stage,1
battles,1
loud,1
enjoying,1
exact,1
forth,1
fanning,1
superstar,1
viendo,1
evil,1
owner,1
shitheads,1
girlfriend,1
truly,1
hitters,1
crew,1
approved,1
sycophant,1
trailer,1
jorge,1
bovada,1
70,1
elk,1
cambiando,1
grew,1
cu√°les,1
cares,1
mango,1
busted,1
throws,1
pool,1
√°ngeles,1
skipper,1
catching,1
struggling,1
tulsa,1
5inning,1
whos,1
sleeping,1
companies,1
tom,1
ruin,1
informa,1
featuring,1
alcs,1
rea,1
determined,1
american,1
girl,1
choked,1
clean,1
metal,1
tatis,1
160,1
criticized,1
grandparents,1
dance,1
derek,1
ùôèùôûùô©ùôñùô£ùô®,1
cou,1
steve,1
dammit,1
forgot,1
rode,1
playa,1
belli,1
reach,1
sydney,1
urban,1
quote,1
planet,1
ghosts,1
district,1
toughest,1
chasing,1
ben,1
medication,1
2015,1
museum,1
storm,1
clarified,1
cristal,1
hear,1
universal,1
08,1
managed,1
claro,1
yup,1
finest,1
tells,1
november,1
hand,1
ginger,1
1986,1
dem,1
compelling,1
1050,1
celebration,1
looting,1
rotation,1
painful,1
cking,1
1st,1
eliminated,1
basketball,1
whichever,1
zip,1
waited,1
espacio,1
parking,1
2014,1
kicker,1
gu,1
crowned,1
fuckin,1
vcu,1
washington,1
rejz,1
2010,1
moved,1
scores,1
belt,1
uf,1
glad,1
chips,1
finds,1
capable,1
legacy,1
nyc,1
suggestions,1
eagle,1
54,1
hugs,1
83,1
tienen,1
jus,1
af,1
spineless,1
kangaroo,1
plssss,1
pier,1
cursed,1
ofensiva,1
rib,1
stewart,1
meat,1
relaxed,1
training,1
redeem,1
grayscale,1
algor,1
corner,1
tweets,1
rub,1
anyway,1
volunteer,1
ches,1
eat,1
jeter,1
arrival,1
3232,1
anyways,1
irony,1
stocked,1
announced,1
victim,1
eyes,1
quite,1
fb,1
cupcakes,1
focus,1
trusted,1
raped,1
as√≠,1
reiterate,1
drops,1
russell,1
ser√°,1
aspect,1
ferri,1
breaks,1
props,1
contigo,1
dehydrator,1
wendle,1
il,1
ray,1
programs,1
5th,1
fastball,1
mandatory,1
dang,1
boise,1
rio,1
tambi√©n,1
lmfao,1
country,1
cowboy,1
jelly,1
ittt,1
triggered,1
broke,1
retweet,1
209,1
debut,1
guessed,1
exhibition,1
carlos,1
climate,1
buen,1
typical,1
simp,1
oregon,1
patiently,1
conexi√≥n,1
knowledge,1
cooper,1
links,1
campeones,1
caption,1
less,1
reverse,1
bed,1
tuning,1
kanye,1
bulldogs,1
battle,1
ms,1
town,1
build,1
attempt,1
053,1
keith,1
pop,1
return,1
rey,1
anna,1
woo,1
atmosphere,1
weed,1
scheme,1
hahaha,1
thomas,1
charlotte,1
compass,1
wendy,1
yea,1
wood,1
eagles,1
sell,1
tightly,1
owne,1
changing,1
candles,1
ar,1
disrespectful,1
boyz,1
flags,1
reclaim,1
sincerely,1
aroldis,1
weak,1
theme,1
tambores,1
daviess,1
seats,1
loyalty,1
manera,1
rather,1
facing,1
convencer,1
molestia,1
instant,1
shift,1
asterisk,1
dice,1
82,1
rings,1
healthy,1
command,1
firefighters,1
adjourns,1
assumed,1
dylan,1
gente,1
technician,1
7am,1
hero,1
consideration,1
safe,1
butterflies,1
lowest,1
govs,1
hall,1
seasonal,1
visit,1
tour,1
144,1
leading,1
ham,1
explain,1
positivas,1
hearty,1
dt,1
professor,1
theo,1
blessing,1
recording,1
ian,1
meeting,1
everytime,1
pitches,1
diehard,1
stopping,1
sol,1
experience,1
adversaries,1
vez,1
tomato,1
und,1
sentiment,1
opportunity,1
bloods,1
stinson,1
desperately,1
file,1
hm,1
gon,1
basebal,1
tip,1
touchdown,1
timeout,1
didnt,1
galaxy,1
asap,1
filled,1
acaban,1
bag,1
taste,1
usually,1
coastal,1
seems,1
espalda,1
died,1
bleeding,1
visibility,1
coke,1
thinks,1
givin,1
surf,1
camera,1
dbacks,1
waiting,1
immediately,1
bitter,1
wrapped,1
louisville,1
local,1
bottom,1
decision,1
answers,1
ages,1
22c,1
haveto,1
caguen,1
mine,1
watcher,1
aside,1
tiny,1
extent,1
hopefully,1
fanduel,1
28m,2
55,2
hometown,2
struck,2
ganan,2
scribbledink,2
piece,2
though,2
thrilled,2
court,2
pitcher,2
talent,2
254,2
train,2
tt,2
mo,2
uses,2
viva,2
present,2
hurt,2
u3,2
fr,2
hitting,2
pure,2
ojal√°,2
winners,2
ladodgers,2
singer,2
comic,2
fat,2
die,2
masked,2
sa,2
uno,2
anybody,2
bts,2
enj,2
colleagues,2
matchup,2
square,2
kicking,2
ballot,2
sitting,2
appreciate,2
throwing,2
cowboys,2
flyover,2
funky,2
trade,2
brady,2
ang,2
anything,2
martial,2
signed,2
pints,2
calls,2
hot,2
website,2
yoongi,2
usa,2
rudy,2
board,2
2021,2
loving,2
experts,2
fo,2
seconds,2
spend,2
norwegian,2
anderson,2
finished,2
consolation,2
tweet,2
breakfast,2
champion,2
realize,2
campaign,2
case,2
likable,2
bull,2
demostrar,2
ufc,2
birthday,2
hahah,2
officially,2
wildly,2
draw,2
overdue,2
share,2
espn,2
absolutely,2
rip,2
excuse,2
matt,2
woodland,2
boards,2
jerseys,2
set,2
happened,2
tennessee,2
bu,2
empatados,2
tech,2
house,2
p,2
tee,2
regret,2
phillies,2
ki,2
uniforms,2
instead,2
crown,2
size,2
disgusting,2
150,2
aass,2
far,2
minutos,2
margot,2
h,2
min,2
article,2
hanging,2
espero,2
fg,2
abilene,2
bulls,2
survival,2
d√≠as,2
checking,2
ako,2
magdodonate,2
exactly,2
id,2
tryin,2
heavy,2
goliath,2
different,2
530,2
kobe,2
thoughts,2
ugly,2
smart,2
friend,2
g,2
total,2
name,2
reading,2
entrevista,2
deplete,2
ticket,2
bunt,2
enjoy,2
solo,2
hundred,2
smith,2
swing,2
air,2
bias,2
buscamos,2
greatest,2
portrays,2
poor,2
frank,2
benji,2
blow,2
class,2
aj,2
calif,2
traded,2
hell,2
consider,2
pompous,2
renfroe,2
anxiety,2
stat,2
va,2
knock,2
multicultural,2
extra,2
commentary,2
volume,2
favorites,2
rich,2
shows,2
later,2
goooo,2
diamond,2
jacob,2
tacos,2
charm,2
paid,2
coach,2
brian,2
110,2
beer,2
sit,2
music,2
carolina,2
lit,2
mi,2
enchilada,2
bumped,2
recorded,2
spring,2
2005,2
men,2
outing,2
squad,2
sweet,2
based,2
stated,2
reply,2
mad,2
signature,2
ncaaf,2
missed,2
charger,2
a√±o,2
dc,2
outlast,2
falling,2
manager,2
mini,2
sold,2
flying,2
crushing,2
tune,2
goo,2
comeback,2
yep,2
imagine,2
uniform,2
ashtrays,2
boyfriend,2
attitude,2
promoted,2
1000,2
ncaab,2
usual,2
pumped,2
cf,2
cute,2
obviously,2
decides,2
watchin,2
kick,2
forever,2
excuses,2
enemy,2
understand,2
thursday,2
experie,2
worst,2
killers,2
virtual,2
workout,2
atlanta,2
108m,2
arts,2
vamos,2
stacked,2
says,2
easily,2
nike,2
shock,2
kike,2
seis,2
idk,2
viene,2
sleep,2
sharing,2
ranks,2
fly,2
lie,2
moving,2
especiales,2
strikes,2
juegos,2
conceded,2
started,2
memorable,2
nights,2
false,2
story,2
longer,2
mode,2
focused,2
trying,2
leaves,2
goat,2
smh,2
action,2
sea,2
champ,2
congrats,2
possible,2
gracias,2
dudes,2
corporate,2
magic,2
3rd,2
available,2
amazing,2
cheated,2
boston,2
coaching,2
bill,2
sheins,2
aplomb,2
nice,2
compare,2
ill,2
ganen,2
huntington,2
clayton,2
porqu√©,2
falls,2
record,2
mon,2
defeat,2
transistor,2
1999,2
crowd,2
ni,2
miss,2
nationally,2
package,2
online,2
distract,2
cmon,2
detroit,2
joke,2
tough,2
schedule,2
young,2
performance,2
important,2
killing,2
dogs,2
anthem,2
cheer,2
pt,2
born,2
form,2
d√≠a,2
due,2
nhl,2
sign,2
wonder,2
benefits,2
cold,2
coronavirus,2
5u,2
san,2
club,2
francisco,2
hollywood,2
6th,2
sort,2
drinking,2
craziest,2
minute,2
830,2
dark,2
sharp,2
pls,2
matters,2
hip,2
coin,2
easy,2
et,2
professional,2
picks,2
shoes,2
otherwise,2
bummed,2
beanie,2
dumb,2
appreciated,2
brain,2
national,2
flip,2
marketing,2
quick,2
political,2
bitch,2
corrupt,2
youtube,2
arranca,2
yard,2
grand,2
urias,2
parade,2
beach,2
living,2
forget,2
pilsner,2
seal,2
realized,2
stream,2
biased,2
kapag,2
plays,2
wall,2
heads,2
dominican,2
shrooms,2
nrfi,2
shaving,2
reminiscent,2
around,2
listening,2
harbor,2
depth,2
host,2
necessarily,2
rating,2
times,2
dave,2
decent,2
expects,2
came,2
smoke,2
hosting,2
chokes,2
image,2
according,2
interesting,2
fighting,2
clock,2
treasure,2
official,2
dealing,2
saturday,2
rolls,2
bowl,2
til,2
nuestros,2
restaurant,2
roll,2
6to,2
taylor,2
chakra,2
rose,2
talented,2
weather,2
jr,2
championships,2
son,2
expect,2
bud,2
letting,2
doyers,2
ship,2
buying,2
halloween,2
se,2
pops,2
btw,2
summer,2
breaking,2
arizona,2
wrote,2
otd,2
angel,2
interview,2
97,2
sb,2
pic,2
cuban,2
peanuts,2
fire,2
decad,2
conversation,2
2nd,2
career,2
twitch,2
stupid,2
management,2
closer,2
drunk,2
phone,2
nanalo,2
sounds,2
friday,2
comfort,2
click,2
motivation,2
zero,2
nah,2
115,2
bp,2
est√°n,2
single,2
icymi,2
nigeria,2
gentleman,2
pics,2
twins,2
prayer,2
honor,2
rf,2
allah,2
ends,2
bellinger,2
seriously,2
50,2
pull,2
donate,2
goooooooo,3
attention,3
higher,3
answer,3
third,3
moment,3
trash,3
style,3
kid,3
app,3
cut,3
justin,3
brett,3
3pm,3
needs,3
peeps,3
dh,3
willie,3
lifetime,3
goooooo,3
nasty,3
turn,3
evening,3
coverage,3
funny,3
stand,3
prices,3
per,3
covered,3
yards,3
unless,3
wanted,3
room,3
houston,3
nope,3
although,3
special,3
z,3
believes,3
thru,3
highlight,3
grays,3
gameday,3
inside,3
walk,3
praying,3
totally,3
begin,3
sundays,3
wwe,3
talks,3
parlay,3
bar,3
eso,3
theres,3
commercials,3
hilarious,3
champs,3
wild,3
lmao,3
hop,3
arrived,3
studs,3
ca,3
hour,3
cat,3
support,3
without,3
pulling,3
petersburg,3
bunch,3
covid,3
blew,3
yet,3
took,3
means,3
food,3
county,3
losing,3
feelin,3
rescue,3
oklahoma,3
change,3
move,3
mets,3
yo,3
evan,3
wife,3
pete,3
rangers,3
super,3
200,3
help,3
cubs,3
someone,3
prob,3
playoff,3
side,3
fall,3
phillips,3
beautiful,3
gem,3
era,3
meet,3
brought,3
leads,3
132,3
actually,3
rally,3
rn,3
deck,3
saw,3
17,3
sun,3
hats,3
hearts,3
bofa,3
qb,3
calling,3
felt,3
ask,3
radio,3
dog,3
loses,3
jansen,3
america,3
ur,3
classy,3
spirit,3
lots,3
excited,3
bucs,3
ny,3
hello,3
commercial,3
angels,3
five,3
hearing,3
regular,3
school,3
switching,3
un,3
0,3
ppv,3
extremely,3
post,3
originally,3
choice,3
count,3
travel,3
24,3
somebody,3
rolling,3
sam,3
98,3
18,3
strays,3
14,3
prayers,3
example,3
ballpark,3
prepping,3
tal,3
esta,3
lost,3
depends,3
pat,3
congratulations,3
days,3
defeated,3
sprays,3
making,3
busbys,3
keeps,3
maybe,3
previ,3
88,3
gear,3
cannot,3
intense,3
true,3
60,3
bringing,3
twice,3
2016,3
happening,3
feels,3
1h,3
bigger,3
crazy,3
effort,3
held,3
th,3
give,3
walker,3
proudly,3
watches,3
follow,3
1991,3
rocking,3
offense,3
state,3
hands,3
su,3
bitches,3
ride,3
tickets,3
biden,3
saying,3
defense,3
8p,3
markets,3
f5,3
wine,3
looks,3
considering,3
part,3
tx,3
check,3
awards,3
tied,3
beast,3
5pm,3
dope,3
dinner,3
party,4
dude,4
pray,4
lock,4
ima,4
nobody,4
gooo,4
hyped,4
found,4
gooooo,4
kevin,4
pm,4
brandon,4
130,4
gods,4
knows,4
six,4
anxious,4
former,4
ducklings,4
college,4
12,4
100,4
low,4
yankees,4
short,4
weekend,4
put,4
crying,4
behind,4
ga,4
cheap,4
wow,4
tb,4
basically,4
1u,4
bro,4
bout,4
face,4
pero,4
ha,4
able,4
cap,4
probably,4
unreal,4
might,4
fam,4
happens,4
number,4
question,4
tyler,4
break,4
buck,4
boy,4
es,4
hills,4
le,4
trump,4
talaga,4
90,4
find,4
x,4
top,4
raiders,4
chargers,4
buehler,4
seahawks,4
needed,4
white,4
knew,4
lame,4
sad,4
wants,4
cody,4
gives,4
deserve,4
turner,4
decisions,4
st,4
wrong,4
snf,4
lineup,4
couple,4
hit,4
cause,4
hoping,4
enough,4
key,4
till,4
twitter,4
least,4
chance,4
allowed,4
stop,4
half,4
previous,4
para,4
postseason,4
books,4
buddy,4
voted,4
roberts,4
happen,4
definitely,4
del,4
tie,4
por,4
working,4
posted,4
brother,4
friends,4
cardinals,4
hr,4
market,4
reason,4
okay,4
prediction,4
juego,4
whoever,4
row,4
gooooooo,4
heard,4
pretty,4
use,4
free,4
sweep,4
solid,4
r,4
store,4
pick,4
york,4
entre,4
anyone,4
devil,4
news,5
joe,5
feel,5
mood,5
blake,5
point,5
starting,5
nlcs,5
betrays,5
line,5
sox,5
mins,5
lowe,5
current,5
rest,5
nfl,5
dub,5
early,5
pitch,5
con,5
looking,5
ring,5
ratings,5
oh,5
c,5
try,5
bats,5
seen,5
player,5
weird,5
league,5
mom,5
legit,5
save,5
glasnow,5
tigers,5
place,5
everyday,5
shot,5
vibes,5
sick,5
inning,5
catch,5
tuesday,5
kersh,5
fact,5
haha,5
watched,5
mundial,5
ago,5
guess,5
dear,5
takes,5
football,5
julio,5
city,5
roster,5
job,5
said,5
stay,5
looked,5
second,5
old,5
ending,5
remember,5
hoy,5
ass,5
favorite,6
yesterday,6
small,6
cool,6
whole,6
week,6
wearing,6
betts,6
left,6
fucking,6
moments,6
drink,6
grown,6
family,6
hits,6
tony,6
voy,6
heart,6
nervous,6
thought,6
omg,6
run,6
arozarena,6
talk,6
call,6
things,6
already,6
braves,6
celebrate,6
deal,6
october,6
playoffs,6
learn,6
f,6
serie,6
two,6
loss,6
florida,6
business,6
may,6
force,6
finally,6
2017,6
thinking,6
god,6
proud,6
listen,6
huge,6
ok,7
money,7
ortiz,7
book,7
tho,7
victory,7
sorry,7
either,7
20,7
b,7
lad,7
history,7
went,7
charlie,7
dont,7
red,7
1988,7
yeah,7
buy,7
giants,7
care,7
30,7
soon,7
title,7
real,7
feeling,7
l,8
10,8
cash,8
damn,8
park,8
root,8
makes,8
hat,8
never,8
much,8
starts,8
wanna,8
pregame,8
score,8
photo,8
muncy,8
throw,8
minutes,8
lot,8
bullpen,8
morton,8
always,8
teams,8
beat,8
hard,8
payroll,8
40,8
lakers,8
trays,8
california,8
guys,8
choi,8
west,8
join,8
fun,9
fuck,9
lose,9
prays,9
something,9
commanding,9
thanks,9
goes,9
papi,9
next,9
tell,9
seeing,9
mound,9
champions,9
innings,9
shit,9
high,9
come,9
sure,9
start,9
fox,9
tomorrow,9
mookie,9
im,9
finals,9
yes,10
guy,10
another,10
alright,10
hate,10
ml,10
little,10
wins,10
lfg,10
baby,10
end,10
bring,10
show,10
keep,10
taking,10
thank,10
que,10
made,10
field,10
thing,10
gonsolin,11
wait,11
picking,11
pitching,11
finish,11
luck,11
n,11
live,11
happy,11
done,11
coming,11
played,11
close,11
mvp,11
everyone,11
david,11
long,11
gonna,11
believe,12
ws,12
grayson,12
playing,12
years,12
bad,12
way,12
work,12
camden,12
away,12
ever,12
ball,12
since,12
stadium,13
must,13
people,13
texas,13
arlington,13
many,13
gets,13
say,13
make,13
sports,13
almost,13
hey,13
nba,13
el,13
championship,14
homer,14
u,14
runs,14
awesome,14
could,14
astros,15
v,15
season,15
also,15
ya,15
play,16
every,16
gotta,16
rooting,16
games,17
even,17
w,17
really,17
look,17
blue,18
well,18
lead,18
snell,18
globe,18
getting,18
winning,19
boys,19
rake,19
en,20
still,20
man,20
lol,20
us,20
8,21
life,21
loved,21
kershaw,21
please,22
want,22
bet,22
dodger,23
back,23
would,23
nothing,23
randy,23
bay,23
right,23
jersey,23
de,24
best,24
first,24
angeles,24
better,24
hope,25
ready,27
know,27
last,27
need,28
big,28
day,29
tampa,30
great,30
team,30
new,30
home,30
baseball,31
think,32
watching,33
take,33
fans,34
lets,34
ultramoment,34
vs,35
night,35
via,36
going,38
love,39
los,40
la,40
see,41
good,42
year,42
today,42
fan,42
mlb,43
4,44
one,45
watch,45
5,45
got,47
3,47
like,48
2020,50
7,53
2,57
time,67
get,69
1,71
6,84
win,139
let,156
tonight,200
go,233
game,291
rays,309
world,375
series,410
dodgers,510
