winforvin,1
letsgoblue,1
hvjerryc,2
perder,1
cheated,2
nationaltreasures,1
finals,9
throws,1
tear,1
iwoz44,1
+115,1
â€”,3
6-3,4
seahawks,7
raysnyd24242295,1
disrespectful,1
siempre,1
frâ€¦,1
fence,1
playa,1
dope,3
rocking,3
damage,1
buck,5
boysâ€¼ï¸âš¾ï¸,1
jiiiiiiiiiiiiii-mannnn,1
universal,1
adw,1
cody,3
//t.co/muosqvuoew,1
accordingly,1
free,4
julio,6
webelieve,3
talk,6
boy,4
errors,1
mailâ€¦,1
anyway,1
ncaaf,2
//t.co/f2hhpk7v3l,1
clown,1
//t.co/zsrpvgzz24,1
ğŸ§¿,1
âœˆï¸âš¾ï¸â€¼ï¸,2
announce,1
catman,2
l,1
jasgraystanford,1
//t.co/zdxmbx4brq,1
jackie,1
hefty,1
covers_caley,2
unless,3
taramichtweets,1
//t.co/qrrqamlbbp,1
arod,8
ganar,1
tytrammel19,1
winner,1
worldseries2020â€¦,1
kid,3
wbraystuco_,1
crucial,1
interested,1
working,4
florida,4
fuckin,1
rays-1,2
//t.co/3uq2vnplea,1
goes,9
elk,1
alright,10
ws,12
everythingisbiggerintexas,1
response,1
loyalty,1
ğŸ¤·â€â™‚ï¸ğŸ˜‚ğŸ™ƒğŸ˜‚ğŸ˜ğŸ˜âš¡ï¸âš¡ï¸,1
//t.co/3bwuvevnnb,1
//t.co/gydskwe3t7,1
//t.co/uq0uzrfghi,1
rejz,1
//t.co/9wgxk3rftp,1
brâ€¦,1
//t.co/eirvt0cehm,1
ğŸ§”,2
weather,2
mad,2
got,63
boii,1
//t.co/xwvleuaiuz,1
sweet_n_lowe5,1
ğŸ˜‚ğŸ˜©,1
geeathugg,2
lowe,5
liz,1
going,36
sampleme1984,1
protâ€¦,1
covid19,1
start,9
brady,2
marifermora90,1
ğŸ¥œ,1
otherwise,2
lowerarkansas,1
//t.co/yzpd0qghut,1
-3,4
nomar5,1
kenjeong,1
yankâ€¦,1
dickiev,1
teamtampabay,3
analysis,1
nexâ€¦,1
knew,4
zip,1
//t.co/xbst3k3g44,1
kapag,2
//t.co/2friajya9s,1
ofensiva,1
ğŸ˜ğŸ‘ğŸ‘ğŸ˜€,1
pockets,1
150,1
motivation,2
bill,2
mode,2
bigger,3
//t.co/304lywsfqp,1
rollin,1
//t.co/km0u2dag5x,1
bump,1
knock,2
whos,1
death,1
preguntar,1
kelimago,1
issues,1
color,1
//t.co/gwu6ddvvmc,1
therealbjack50,1
ugly,2
aplomb,2
dang,1
ebdfgaming,1
cÂ¡de,1
//t.co/npvod3oun3,2
sedano,2
charlie,7
lapaytony,1
//t.co/xxr9cwegdf,1
commercial,3
catsoftwitter,3
grayslake,1
ellison,1
coaching,2
//t.co/qfjxlga9cl,2
bellsbrewery,1
johnnywholestaff,1
ten,1
ğŸ’›ğŸ’œğŸ’™,1
//t.co/ckfui0ov5z,2
clasicodeotoÃ±o,2
u3.5,2
//t.co/f4xvykn2r0,1
55,2
'll,8
nearly,1
fckn,1
contenders,1
janitors,1
//t.co/2qp6bgmwne,1
ğŸ§¹,1
//t.co/ncixvxvkgd,1
ğŸ’™ğŸ’™ğŸ’™âš¾ï¸âš¾ï¸âš¾ï¸,1
//t.co/rzxt4mqloh,1
ğ™ğ™ğ™©ğ™–ğ™£ğ™¨,1
raysâ€¦,2
game4,3
â£,3
papi,9
snf,5
crushing,2
aculturedbitch,1
//t.co/pwomrqlted,1
retail,1
//t.co/ouqfsktytw,1
brady_12p,1
thereallos2911,1
unwatchable,1
strosshadow,1
hot,2
calling,3
heard,4
//t.co/tdq0otbg7o,1
friends,4
thats,1
kershawday,5
ğŸ’ªğŸ”¥ğŸ”¥ğŸ”¥,1
espiritual,1
mind,1
ted,1
wax,1
//t.co/iv6fjckxqe,2
//t.co/2paegvjzew,1
ride,3
realstamkos91,1
//t.co/autmz5gubj,1
example,3
desperately,1
mothafucka,1
reminiscent,2
united,1
ğŸ’™âš¾ï¸ğŸ”¥ğŸ”¥ğŸ”¥,1
signature,2
vs,30
lucas_rays,2
scared,1
*,17
//t.co/yicujxlf3s,1
cca,1
peach,1
planet,1
4-2,6
astros,24
jmcguiremlb,4
parties,1
fucking,6
nlmvp9970,1
aroldis,1
mlbplayoffs,13
reminder,1
tri,1
defense,3
mojobreakm,1
sell,1
espnlosangeles,1
hop,2
twice,3
collab,1
m132903,1
onescgal,1
confused,1
mamba,1
saugus,1
8-7,1
boyz,1
//t.co/ibqaqjfkuv,1
idk,2
rainy,1
pete,3
losdodgers,1
switching,3
tyler,4
//t.co/mf5ufjtnyt,1
oddcouplefsr,1
incomparable,1
deportes,1
story,2
servant,1
duck,1
nightâ€¼ï¸let,1
find,4
busted,1
gim,1
bowtie,1
ampâ€¦,1
rich,2
seats,1
ako,2
fyp,1
ğŸ˜‰ğŸ’™,1
campaign,1
casual,1
pauldier,1
sunset,1
//t.co/cushbi9tby,3
've,4
pharmacy,1
dudes,2
tonydindy,1
cuban,2
andraeransom,1
shaming,1
gif,1
exciting,1
verly32,3
//t.co/edvcgnuseg,1
gets,13
ittt,1
.5u,2
//t.co/ahrxmcymky,1
fitness,1
bucwhatyaheardâ€¦,1
jasonnegron,1
anandsharma89,1
outings,1
steal,1
pats,1
blown,1
salty,2
phillies,2
highlight,3
alannarizzo,5
6,77
seriously,2
immediately,1
haha,5
detroit,2
repadamschiff,1
protocol,1
//t.co/34pdpfk6qf,1
toks,1
sammy_sighbert,1
globeâ€¦,1
fbi,1
//t.co/gtfh4eujt6,1
hammerin,1
rally,3
astrosfansuk,6
lad,7
area,1
5-2,7
dc,2
//t.co/xrmmaow7df,1
stage,1
withâ€¦,1
piss,1
tbd,1
persona,1
lifespan,1
walk,3
//t.co/ensrdfpp4f,1
dave,2
henrichsjeffrey,1
ğŸš¨ğŸš¨,1
stadium,13
//t.co/0zevkxplrl,1
league,5
anyone,4
//t.co/hyylbyuurp,1
ğŸ‡ºğŸ‡¸ğŸ‡ºğŸ‡¸ğŸ‡ºğŸ‡¸,3
ğŸ‰ğŸ»,1
present,2
amylucillee,3
//t.co/yfhxjcvpor,1
ğŸ˜‹ğŸ§,1
brewers,1
ignoranâ€¦,1
collect,1
caguen,1
re-posting,1
wit,1
jhensley2002,2
portrays,2
beâ€¦,1
voice,1
choked,1
promoted,2
shoe,1
report,1
bbarr_2,1
buâ€¦,2
long,11
letsgododgers,10
reminds,1
50,2
blow,2
faith,1
et/530,2
tho,6
ğŸ˜œğŸ’™,1
//t.co/jncomqs7a3,1
dollars,1
texassecond,1
1u,4
pgammo,1
juliourÃ­as,1
strikes,2
!,1117
//t.co/y3oe0dz7to,1
ğŸ§¿ğŸ§˜ğŸ¼â€â™€ï¸ğŸŒ€,1
//t.co/rqekdp0xfi,1
gear,3
jeter,1
claves,1
cjornhoulio,1
vamos,2
40,7
game3,2
//t.co/1fxvjcyb21,1
false,2
overdue,2
windup,1
redsox,8
ğŸ’™ğŸ™ŒğŸ¼,1
wayâ€¦,1
cock,1
-.5,1
betrays,5
bigstepper32__,1
chance,4
considered,1
legs,1
",",427
rant,1
ordered,1
marks,1
//t.co/depmlaamlb,1
i'mâ€¦,1
bartender,1
buscamos,2
second,5
bâ€¦,4
everywhere,1
vamonos,1
bambino_bets,1
attitude,2
5.,2
'88,1
commissioner,1
fight,1
ğŸ™ğŸ¼ğŸ™ğŸ¼ğŸ™ğŸ¼,1
zero,2
reclaim,1
nibbles,1
still,20
//t.co/ljzvnqdspz,1
girl,1
2002,1
springer,1
drought,1
dodgersmaga,1
.375,1
regarding,1
ğŸ™ŒğŸ½ğŸ‘ğŸ½,1
jacques_goren11,1
afterâ€¦,1
gentleman,2
awood45,2
anxious,4
//t.co/aimlbfbztm,1
//t.co/o4lewsaxyk,1
announcerpete,1
//t.co/jm1luidwjj,1
sells,1
flew,1
disgusting,2
collapse,1
baseâ€¦,1
diâ€¦,1
tip,1
hometown,3
willâ€¦,1
//t.co/pgol5kwqwh,1
cambiando,1
glasy,1
ğŸ‰ğŸ‰ğŸ‰ğŸ‰,1
nibbled,1
wipes,1
ğŸ´,1
//t.co/tt1gajhqhg,2
ericnus,1
timcates,2
believes,3
win,140
ğŸ˜,1
25-2,1
dirty,1
pandemic,1
mark64248107,1
tom,1
rolls,2
boss,1
ğŸ§¢,5
glorious-written,1
shoâ€¦,1
especiales,2
(,45
ğŸ˜ğŸ˜,1
iam_johnw,1
sorts,1
ğŸ˜­,1
handshake,1
thinks,1
releasâ€¦,1
went,7
bco_17,1
thank,10
wins,10
sundays,3
ğŸ˜´,2
mucho,1
happened,2
dh,3
mentions,1
//t.co/eexmckz9sl,1
3rd,2
bastard,1
//t.co/hgfshl5orv,1
mother,1
fair,1
egg,1
singer,2
least,4
ian,1
altoonacurve,1
prescott_gregâ€¦,1
20,6
//t.co/tnbqzq3dq1,1
country,1
previous,4
jonathansfrakes,2
roberts,4
involved,1
juliouriasfans,1
standfortheflag,2
talented,2
"24,281",1
ğŸ˜‚,12
emmanuel,1
pelota,1
howe,1
ğŸ’§,1
howlinrays,2
bainbridge,1
rachaelrayshow,1
lilrays_,1
//t.co/ua05k7uy2f,1
925mlbfan,2
serieâ€¦,1
champions,7
clean,1
97,2
//t.co/wgqvf2iab8,1
joe,5
better,24
kiâ€¦,2
lord,1
2â€¦,2
//t.co/ury2s5ni3u,2
hott,1
longer,2
needed,4
happyteacherâ€¦,1
skater,1
//t.co/egs2lkgmlb,1
lineup,4
scores,1
love,39
several,1
atmosphere,1
hopefully,1
sense,1
raysvdodgers,3
skipper,1
siâ€¦,1
inâ€¦,5
leadoff,1
ginger,1
warzone,1
ğŸ¤™ğŸ¼,1
started,2
.,745
jelly,1
explain,1
dailyrandomcub,1
azlyne,1
//t.co/grcnbpomlb,1
nl,1
calls,2
bunch,3
//t.co/fpxyhz6lcp,1
competent,1
//t.co/6dm1fxbpxy,1
Ã—4,1
ğŸ˜…ğŸ˜‚,1
orel,1
latimes,3
anything,2
obviously,2
goo,2
//t.co/zsjohdspkx,2
ğŸ¤ğŸ¼ğŸ¤ğŸ¼ğŸ¤ğŸ¼ğŸ¤ğŸ¼,1
raysradio,4
coworkers,1
fightonâœŒï¸,1
sweepstakes,14
kershaw,23
//t.co/ypstu0pcnt,1
roll,2
feels,3
rudy,2
energypeddler,1
tornow,1
celtics,1
245,1
sterlingkbrown,1
see,40
candles,1
//t.co/x7criwtwn9,1
//t.co/l4krbte5ea,2
cut,3
clever,1
giants,7
//t.co/k6vtm5ybdo,1
playing,12
years,12
wound,1
joke,2
means,3
2016,3
crawnikflip,1
bucs,3
become,1
//t.co/zljjgmlbl7,1
bighairplasgras,1
thinkblue,1
way,11
brian,2
exhibition,1
lifetime,3
playerstribune,1
.053,1
brettamtpa,1
bandwagoning,1
amaury,1
gooooooo,4
try,4
away,12
//t.co/58bnns1v3l,3
tatted,1
este,1
moved,1
sandwich,1
polls,1
latest,1
//t.co/x0lnhhfdwp,1
harbor,2
//t.co/1wfdrdw8rc,2
days,3
//t.co/4fyjegads4,3
hit,4
someone,3
gameday,3
meaning,1
--,4
aâ€¦,4
jaberuski,1
mlbtraderumors,1
killers,2
losangeles,5
tv,1
mom,5
portionâ€¦,1
done,11
hall,1
theathleticmlb,6
âš¾ï¸ğŸ’™,1
prepared,1
benreiter,1
loser,1
//t.co/yizlww2aj0,2
foxsportsrays,3
jujubeats1,1
em,1
peanuts,2
tito,1
whenâ€¦,1
//t.co/bwclatcikv,1
cking,1
//t.co/pklt2ig87b,2
vintage,1
lmao,3
ğŸ’€ğŸ’€ğŸ’€,1
shot,5
deplete,2
lol,20
stpetersburg,2
venicemase,8
ğŸ”¥,3
rey,1
fansâ€¦,2
speaking,1
un,3
answers,1
rake,19
lad-rays,1
mattyoumans247,1
losses,1
esta,3
//t.co/cxh9gn7nor,1
mlbâ€¦,1
calendar,1
mike_hllywa,1
managementâ€¦,2
due,2
realdonaldtrump,5
actuâ€¦,1
'm,18
friday,2
ğŸ™ŒğŸ™Œâš¾ï¸ğŸ‰,2
upset,1
girlfriends,1
waiting,1
pebblebrook,1
demostrar,2
cash,8
rangers,4
include,1
rallybudsâ€¦,1
chips,1
//t.co/tayc7hw05a,1
authorized,1
bobby,1
tropicana,1
yet,3
dominican,2
//t.co/fqb1l3ulmc,1
//t.co/gzlqplmlwj,2
//t.co/h2dqo9rpyu,1
mw_gojoebruin,1
bakery,1
//t.co/pusjfbskj8,1
23kgibby,2
ğŸ—£,3
watched,5
something,9
ocfa_pio,1
kikehndez,3
tonight.â€¦,1
file,1
deezap04,1
official,2
//t.co/mlm8cutywl,1
nobody,4
ğŸ¤£ğŸ’€,1
//t.co/vzvenz5qef,1
//t.co/he9f8mlilg,1
username,1
//t.co/fmlb0t3mtz,1
1997,1
-1,2
retro,1
tuning,1
chesâ€¦,1
wsteele9,3
member,1
rating,2
people,13
team,29
1timmurray,1
cjm0519,1
draw,2
player,5
pitching,11
elonmusk,1
contigo,1
reverendmike23,1
catsofpilsenâ€¦,3
kolsch,1
voiceofcohen,1
payroll,8
ğŸ‘Š,1
somebody,3
enrique96r,1
//t.co/rvus0udfbx,1
games,17
//t.co/ax1p661n7j,1
pollock,1
jonathanmayo,1
series,394
listos,1
ğŸ’™ğŸ’™ğŸ’™ğŸ’™ğŸ’™,1
//t.co/aletbico84,1
jaleecee,1
râ€¦,4
noted,1
approved,1
tough,2
ğŸ€,1
cabindesign,1
abs,1
pitcher,2
exes,1
//t.co/lslhalvlz4,1
encinitasâ€¦,3
ages,1
bs,1
//t.co/rphmzmw0op,1
tblightning,3
asÃ­,1
approves,1
senschumer,1
parlaying,1
command,1
nationally,2
spirit,3
ğŸ¤©,1
ultramoment,34
minor,1
bills,1
walker,3
back,23
//t.co/kp7pma85mj,1
sctobias,1
exact,1
estamos,1
jayrecher,1
claro,1
miss,2
bridgetphetasy,1
lowkey,1
pisses,1
action,2
shirtless,1
//t.co/wf2rk7wyog,1
rescue,3
featuring,1
15,1
coolest,1
bacheloretteabc,2
ğŸ‘»ğŸƒ,1
minis,1
mlbsupremevip,1
bringback70suniforms,1
g.,1
irony,1
//t.co/gj5r7lp1un,1
tuesday,5
_salvadorr1,1
force,6
gododgers,12
omen,1
driving,1
wilson,1
gave,1
//t.co/psrvlbz4ii,2
eso,3
baez,1
ğŸ’ªğŸ’™âš¾ï¸,1
bitches,3
ğŸ’™âš¾ï¸ğŸ’™,1
plz,1
manifesting,1
lasorda,1
mariano,1
//t.co/gvajxhmdiu,1
myrtle,1
gente,1
davechoate,1
illinois,1
whoâ€¦,1
graysmusical,1
arose237,1
loot,1
sprays,3
ihatela,2
baseball.â€¦,2
//t.co/eycbrouqlv,1
254,2
//t.co/lm54ytn9g0,1
local,1
belong,1
decadâ€¦,2
pints,2
foxsports,5
//t.co/vkziuf3kt5,1
-boise,1
ğŸ™„,1
bobvorwald,1
existence,1
markkiszla,1
seat,1
ho,1
cleared,1
mlbpostseason,5
//t.co/xo0arnieje,1
//t.co/xhb1pqwtgw,2
jared_carrabis,1
hilarious,3
don'â€¦,1
starbucks,1
grayson_anderse,1
audra_martin,1
//t.co/0begmpqqm0,1
45-20,1
//t.co/r0lwf3nlhk,1
//t.co/30riudoybq,2
medl,1
primedom2,1
ğŸ˜‚ğŸ‘,1
trade,2
belli,15
//t.co/irumdw7srr,1
ourteam,1
concur,1
markos,1
rf,2
square,2
mon,2
morganblankk,1
ğ™ğ™£,1
il-uw,1
ğŸŒŠğŸ’ªğŸ¼,1
salami,1
//t.co/pnqgercdox,1
trades,1
//t.co/vqj8z6rcxb,1
ugh,1
1991.,1
magdodonate,2
store,4
bud,2
kangaroo,1
//t.co/gxe8fxzyy2,1
star,1
lakingdodgers,2
center,1
doesnt,1
baycrab3,3
bi-polar,1
milwaukie,1
carolinehecker,1
ptxofficial,4
toughest,1
humans,1
lakers,14
rules,1
name,2
post,3
meetâ€¦,3
yankees_chat,1
dodgersfamily,1
champs,3
show,10
//t.co/mhnis6hqua,1
patient,1
sharp,2
boysinblue,2
davidortiz,3
450,1
2-3,3
bayard,1
spot,1
weâ€¦,1
ticket,2
composed,1
//t.co/0fyszakyxy,1
arrived,3
//t.co/uxep4smsat,1
27,1
bronxbo41830825,2
ğŸŒ…,1
ppv,3
crimes,1
//t.co/kjhti4hytz,1
//t.co/eyts1cx1eq,1
dogs,2
dodgersğŸ¤®,1
juliourias7,1
dodgersbro,2
jass0ng,1
election2020,1
tatis,1
manera,1
hour,3
//t.co/mlobk8zbqb,1
ji-man,6
teamintelligentfreak,1
churchofbasebal,1
lauradiazanchor,1
normal,1
slot,1
losangelesdodgers,3
reaction,1
deep,1
ver,1
whatever,1
//t.co/xepjgnqhpv,2
samsclub,1
ilovethishobby,1
nolivetweeting,1
willrayvalentin,1
ğŸ¤—ğŸ’™âš¾ï¸ğŸ†,1
vaporblooms,1
theoldp,2
forcing,1
dude,4
obama,1
hero,1
happy,11
thoughts,2
everytime,1
ğŸŸ¥â–â¬›ï¸,2
defeated,3
bulls,2
neilsolondz,2
sorry,7
pulls,1
13,1
political,2
hornets,1
alone,1
viruses,1
pics,2
estrellajalisco,2
//t.co/yktjftdghu,1
amigo,1
bummed,2
cheater,1
update,1
beach,2
offense,3
holidays,1
drag,1
braysosirius,1
living,2
women,1
tonightğŸ¥´,1
dog1755,1
also,15
//t.co/7ykoq4zjxz,1
ibelieve,2
set,2
gaiter,1
gods,4
//t.co/z31a2g4gkg,1
charity,1
thursday,2
//t.co/rpi8pzl682,1
super,3
//t.co/d7q0hqawto,1
inside,3
district,1
brendanhowe_,1
raysaatchi,1
sox,5
ğŸ’—âš¾ğŸ””,1
less,1
xtra,1
winners,2
sachabaroncohen,1
eligible,1
throw,8
//t.co/uxrwvz929y,1
lame,4
bag,1
espacio,1
lighting,1
tcaviar,2
nlrookieoftheyear,1
âš¾ï¸ğŸ’™ğŸ™,1
2.,1
flappy,1
targettoddler,1
props,1
yankees,4
fuego,1
//t.co/0tma4tzmub,1
//t.co/pnjwpao73f,1
benballer,1
â€˜,4
spectrumsn,1
//t.co/2np89dhenf,1
yng,1
size,2
lucasboggphotog,4
b_vanbeers,1
//t.co/2jfhz8s3wz,1
6.,5
package,2
ğŸ‘€,8
mlbnetwork,10
:,794
therapist,1
walks,1
kaileenauert,1
//t.co/4qpxssi9eb,1
moviegamingtv,1
cmahair_78,1
lets,34
fans,32
wake,1
morningmeeting,1
newstalkflorida,1
waâ€¦,1
mlbvault,5
standing,1
//t.co/zhfhl5nonz,1
office,1
vabaypines,2
well,18
hurting,1
aj,2
state,3
justin,3
ğŸ‡µğŸ‡·ğŸ‡µğŸ‡·ğŸ‡µğŸ‡·ğŸ’ªğŸ»,1
next,9
tennessee,2
lakings,3
evidence,1
//t.co/vluyfdinqr,1
goooooooooooo,1
//t.co/ho37p3n5ac,1
//t.co/cl2jllm89i,2
prices,3
sorelosersshow,3
vuelan,1
ambitious,1
theres,3
hr,4
single,2
raysup,168
spartychin,3
wednesday,2
nerd,1
rivera,1
coastal,1
orgullosos,1
ftw,1
bottom,1
mlbshowdowncup,1
crossing,1
âš¾ï¸ğŸŒ®ğŸ¥¤,1
âš¾ï¸âš¾ï¸âš¾ï¸,5
//t.co/ieszfaz43g,1
busbys,6
wendle,1
park,8
pos,1
//t.co/4fjom9dx5k,1
rayschneid,1
//t.co/8sl5b6g5pj,3
closer,2
arizona,2
toâ€¦,4
yoâ€¦,1
kicker,1
forgot,1
stanleycup,3
whenever,1
//t.co/rd4ytitqhy,1
ğŸ™ğŸ¿,1
championships,2
x_offender__,2
ws2020,1
vaupelganger,1
different,2
//t.co/o0t2bb6cth,2
//t.co/u7kst5ugku,3
roster,5
jersey,23
needs,3
//t.co/wtmmanxdlp,1
ğŸ™ŒğŸ½âš¾ï¸,1
703,1
thrilled,2
kingjames,2
//t.co/6enes1d51s,2
xrays,1
beautiful,3
screen,1
recommend,1
//t.co/uj4r9mfzzl,1
vivalosdoyers,1
sit,2
two,6
coaches,1
ramsesvidente,1
b,3
loses,3
ta,16
ğŸ˜­ğŸ™ğŸ½,1
smile,1
//t.co/sssmskqqy5,1
lindseygrahamsc,1
melglo1,1
know,27
encino,1
theerickankiel,2
red,7
//t.co/wf2peionpx,1
redsea,2
ğŸ¤£,2
daveminei,1
805-525-8609,1
j_macgeever,1
hella,1
realdavemckay,1
using,1
tema,1
chris,1
arbucksg,1
//t.co/atslsjs5zo,1
oooohhh,1
coachagno,1
campeones,1
âœ¨âœ¨ğŸ˜…ğŸ˜…ğŸ™ŒğŸ™Œ,1
tears,1
transistor,2
heavy,2
gradkowski,1
ğŸ“£lfg,1
wcuathletics,1
trusted,1
problem,1
dwhite921,1
battle,1
answer,3
wasâ€¦,1
covid-19,1
consider,2
itfdb,9
chargers,9
finds,1
happening,3
would,23
coryharrig,1
without,3
channelsâ€¦,1
wrap,1
//t.co/tcg1fhxyxx,2
billgrays,1
ğŸ—‘,1
rodgooner79,1
stroke,1
//t.co/qmwsnbv2ut,1
winter,1
sending,1
yuck,1
beattherays,2
changethegame,1
//t.co/fsd3qvk5gg,2
algorithms,1
laurpicks,4
//t.co/bj4fkg01oy,1
realized,2
unfiltered,1
wrays,1
too-,1
busting,1
//t.co/mhi4e7twai,2
ğŸ˜,3
returns,1
dodgerbaseballâš¾ï¸ğŸ’™,2
thinkâ€¦,3
might,4
era,5
pop,1
//t.co/fhkhtsxcos,1
reasonable,1
byâ€¦,1
miracle,1
song_bird_13,1
austintheclark,1
thenâ€¦,1
cafeâ€¦,1
//t.co/vdxh8iimmg,1
crackalac87,1
plesac19,2
stated,2
devil,4
obamagate_treason,1
markets,3
kkiermaier39,6
squad,2
pears,2
sequece,1
seaâ€¦,1
youre,1
washington,1
//t.co/cic7t1b82u,1
veeks,1
7,46
//t.co/2pphwhx7v3,1
river,1
dodgers4life,1
//t.co/l8wxmbyccm,1
alexs265,1
//t.co/gkjporvoyq,3
//t.co/gokcujyi4a,1
since,12
minnesota,1
âš¾ï¸ğŸ˜,1
tunein,1
+144,1
tienen,1
hand,1
jaysonst,1
beastğŸ’ª,1
//t.co/cmbjtw8tzk,1
fueron,1
thirst4dodgers,1
_pcila_,1
tengusnake,4
fox,9
//t.co/shfb6hewwl,1
prediction,4
heart,6
ğŸ¥´,1
senior,1
study,1
//t.co/qlugfyvtkm,1
rayshonmack,1
girlfriend,1
ğŸ‘¿,1
dp,1
series.â€¦,2
shirt,1
becomes,1
//t.co/agleav0l2k,1
giuliani,1
youtubeâ€¦,2
poor,2
nike,2
ga,1
looked,5
stewykills,1
memories,1
madden,1
lions,1
service,1
low,4
//t.co/shfp0qyorw,1
scare,1
opportunity,1
court_with_a_k,1
movie,1
paint,1
foul-evil,1
far,2
ğŸ˜ˆ,2
barstoolbigcat,1
roku,1
//t.co/c3zwz9jhkw,1
thirty,1
highlands,1
ouryear,1
airport,1
//t.co/uefrguntfs,1
apartments,1
whodoyoucollectâ€¦,1
cut4,1
22,2
itsjdixon,2
headline,1
sake,1
option,1
-140,1
ğŸ¤˜ğŸ¤˜ğŸ¤˜ğŸ¤˜ğŸ¤˜,1
oversclub,2
every,16
ogezee73,1
level,1
ad,1
ğŸ’™ğŸ’™ğŸ’™,2
matt,2
crying,4
proud,4
last,26
must,13
todo,1
mambamentality,3
pen,1
cupcakes,1
reason,4
brett_phillips8,2
safe,1
stuff,1
rtcolicci2,1
pescador,1
//t.co/ocazqoybvk,1
timclearwater,1
santa,1
dolphins,1
ding,1
blake,5
pecs,1
mlbchefs,1
benji,2
âš¾ï¸ğŸºğŸ™ŒğŸ½,1
shâ€¦,1
//t.co/xcozt4kdxv,1
//t.co/8khewqvsbq,1
unlikely,1
jr.,1
dice,1
//t.co/kchjpmuhtn,2
lose,9
betts,6
associaâ€¦,1
dodgers_trolley,2
ashtrays,2
otd,2
dr,1
based,2
//t.co/9iv69h5hxi,1
pero,4
ğŸ¤ğŸ’™,1
11,1
straight,1
hands,3
//t.co/aqw8rq4u4m,1
'd,2
turn,3
bovada,1
parlay,3
empatados,2
memorable,2
//t.co/qtex9fhdzf,2
dodgersworldseries,1
finish,11
glasnow,5
//t.co/rsvohlcdj5,1
ğŸ˜…,2
//t.co/qsqp6qv2yj,2
ğŸ¥²ğŸ¥²ğŸ’™âš¾ï¸ğŸ’™,1
white/gray,1
hurt,2
redwood,1
peace,1
stat,2
ethandolan,1
serÃ¡,1
ğŸ˜‚â¤ï¸,1
amc,3
twins,3
forthea,5
awards,3
poppa_foxx,1
jimyusko,1
anthem,2
magic,2
gooo,4
stop,4
nk,1
wearing,6
postseason,13
homer,14
//t.co/lrjjpndhkr,1
los,43
tbraystwins,3
companies,1
cuteeeeee,1
hiacynthh,1
kawanal78,1
//t.co/ll1wu3cskl,1
shortstoppin_,1
sa,2
//t.co/usjduciirc,1
4:30,1
22c,1
rib,1
pull,2
//t.co/swkcvtvpp8,1
technicallyâ€¦,1
lead,18
tempted,1
signals,1
82,1
//t.co/rezpjyxzac,1
Â¡rays,1
soliciting,1
mosleyerin_,1
tops,1
tonâ€¦,1
cliff_wolf,1
lmathis318,1
hills,4
watching,33
gododgersğŸ’™,1
nyc,1
shift,1
//t.co/jtdjxacu4g,2
hinge,1
lfg,12
forward,1
ğŸˆğŸŸ,1
ğŸ’™ğŸ’™let,1
dt,1
introductions,1
vanessaruffes,1
rn,3
erinnicoleh_,1
ğŸ¤¬ğŸ¤¢,1
father,2
strays,3
resting,1
allah,2
5inning,1
actually,3
n,3
bottoms,1
never,8
fam,4
wants,4
70,1
//t.co/i6osfiwexk,1
49ers,1
tl,1
grayson,12
twd,3
2021,2
hackinjeebs,1
kevin,4
lableedsblue,1
nowğŸ¤£ğŸ¤£ğŸ¤£ğŸ¤£ğŸ¤£ğŸ¤£,1
roof,1
saves,1
nlcs,5
enchilada,2
//t.co/czhj41r4n7,1
catching,1
devilrays,1
//t.co/yjixhksje8,1
changing,1
//t.co/z29uxbm0d8,1
ğŸ˜­ğŸ™ğŸ¼,1
//t.co/tb3zy6mtyg,1
//t.co/yngrkqat6f,1
view,1
mirrors,1
sporting,1
god,6
nerves,1
schedule,2
+,8
compass,1
ending,5
ğŸ•¯â€¦,1
veno202,1
estos,1
stressing,1
like,47
mikekraz,1
chrislaflare,1
//t.co/uiyj7hn9ww,1
bruce,1
10.69,1
//t.co/hc0mdrv076,1
ddgers,1
champion,2
good,41
str8,1
truly,1
birthday,2
conversation,2
buy,7
dylan,1
five,3
dcsoljagurl,1
southarkansasâ€¦,1
another,10
extent,1
talkinjake,10
mlbtheshow,1
daviess,1
oann,1
fan,42
soootiffancy,1
ale,1
//t.co/mbos2lgkt2,1
one,45
//t.co/vfy8yy9riw,1
ğŸ†ğŸš¨,1
tacos,2
â˜ï¸,1
catguyscantbetrusted,1
icymi,2
eagles,1
vez,1
seriesâ€¦,6
hard,8
fly,2
likable,2
philboyj1,3
schools,1
watch,45
raysbaseball,194
honestopns,1
sayonce,1
grabbing,1
phone,2
barrierâ€¦,2
ğŸ™„ğŸ˜‚,1
lmfao,1
boston,2
easily,2
//t.co/xy1imn4ce1,1
donate,2
kingdj_5297,2
//t.co/tkivt3yj5q,2
evanakilgore,1
fee,1
//t.co/qsts6ec48s,1
injury,1
2013,1
//t.co/sxy68jd68l,1
fox13news,1
//t.co/dsfj4crp6i,1
cheering,1
3.5,2
election,1
disappointment,1
yell,1
hearty,1
pumpkin,1
//t.co/ftmlbucukg,1
kmillar15,1
btn,2
guess,5
currently,1
//t.co/oaj9mswfjf,1
//t.co/e6zk5jxhkd,1
ğŸ‘ŠğŸ¼,1
helenenothelen,1
growing,1
welcome,1
//t.co/sjqpqwujpi,2
team.,1
wâ€¦,3
//t.co/usdnebs5ie,1
6to,2
//t.co/mcbatlzuqc,1
mets,3
snell,18
mostly,1
//t.co/gxqg5vmlbj,1
grey,1
scheme,1
briefing,1
current,5
release,1
coming,11
storm,1
theguyinthetie,1
pacificrink,3
stankees,1
vcu,1
appropriate,1
thunderstorm,1
showed,1
//t.co/gqwilwjhcu,1
pre-gaming,1
bristol,1
sports,13
arlington,12
//t.co/syvronszy1,1
tambiÃ©n,1
consideration,1
ğŸ™ğŸ™,1
redturn2,7
//t.co/la1pvmerki,1
stress,1
davidortizâ€¦,1
mlbwizard,1
boiled,1
//t.co/njouqdzwcs,1
moving,2
sad,4
upper,1
falls,2
//t.co/14m51kjhof,1
bate,1
p.s.-,1
drguru_,1
//t.co/yiorge1zix,1
tigers,5
bostonradio,1
willie,3
falling,2
frontiercorp,1
else,1
stillleonn,2
app,3
money,7
pitches,1
kevingraysports,1
reply,2
steeley,1
hottakeempire,1
babyğŸ’™,1
drinking,2
ğŸ’š,1
//t.co/ffyfeuqjbu,1
guy,10
veggies,1
convencer,1
//t.co/bil2mfctap,1
ğŸ•,1
hutchchad,1
excuse,2
possible,2
killing,2
front,1
nâ€¦,8
latogether,40
//t.co/r0kkusagjm,1
covidiots,1
//t.co/zmlbz7nyrd,1
hip,2
$,19
via,36
nothing,23
dodgerchampionship,1
mrmidnight,3
il,1
jumped,1
will_smith30,1
billyball,1
azmonde,1
sheâ€¦,1
helped,1
ğŸŒŠ,1
buying,2
solo,2
thatgirlondeck,1
//t.co/babztbioji,1
sooooo,1
arashmarkaziâ€¦,1
claytonkersh22,9
//t.co/6wlau1fyv1,1
mexico,1
stacked,2
scarletgrayslvp,1
moment,3
loucharlestxâ€¦,1
rancho,1
shake,1
//t.co/mcg27dgqjr,1
winning,19
cy,1
question,4
or_fade,1
homelife,1
bmartinez_ej,1
brother,4
new,30
algorâ€¦,1
america,3
positivas,1
county,3
pulled,1
//t.co/hzabmnnqbf,1
condolences,1
completed,1
visits,1
enjoy,2
day,28
ca,6
ladodgerstalk,2
lessssgoooooo,1
nuestros,2
//t.co/lpmpn2aggz,1
yards,3
weird,5
'there,1
krenshaw,1
access,1
2001,1
die,2
//t.co/djr5rl9vxp,3
trust,1
//t.co/mudwl3wfjf,1
lmaoo,1
forsheeee,1
effort,3
vickie_newby,1
su,3
beingunited,1
braves,10
draysbay,2
sportscenter,1
key,4
tombrady,4
infinity,1
seems,1
//t.co/lk3fxmrpmf,3
hurricanes,1
jumbotron,1
pain,1
mattmsr,1
calif.,2
enjoying,1
reading,2
ğŸ’°ğŸ’°,1
evening,3
figured,1
rings,1
pt,2
tyler_fulghum,1
ğŸ¤ª,2
nc,1
pre-game,1
scottwarner18,3
relaxed,1
typo,1
//t.co/dokoa7cx4n,1
.....,6
//t.co/by17iblqwa,1
carr,1
cardiologist,1
michigan,1
//t.co/vlnumvgkwc,1
thousand,1
hat,8
bet,20
//t.co/jzujhvmc6c,1
respuesta,1
ğŸ‘,1
//t.co/69cp9en8ji,1
a_katzman83â€¦,1
leading,1
snyâ€¦,1
ourtime,5
blaze.ğŸ’¨ğŸ’¨,1
//t.co/px6grcld2j,1
yr,1
mask,1
craziest,2
drunk,2
brought,3
oriole,1
record,2
v,11
chasing,1
4-3,4
...,76
//t.co/6aqlkwz8n8,1
assumed,1
latinopower,2
ğŸ˜¢ğŸ˜‚,1
98,3
movies,1
battles,1
intentionaltalk,1
//t.co/ymrjdihyo9,1
mandatory,1
07warriordad,1
7:30,1
sealing,1
//t.co/iwjfemlouz,1
turnbacktuesday,1
54,1
calm,1
players,1
march,1
comment,1
honor,2
absolutely,2
fo,1
2-0,3
hi,1
//t.co/nmiphdy46m,1
bloods,1
jabcamla,1
knows,4
crew,1
satisfied,1
3pm,3
definitely,4
fact,5
losangelesâ€¦,1
even,17
//t.co/ady6iwfxxw,1
born,2
per,1
cfb,3
list,1
//t.co/ef5dx1hdgl,1
//t.co/nnrafs3nq0,1
game,291
renaissance,1
marketing,2
nbfromlb,1
houstonastros,1
gametime,1
saugus_cents,1
keeganwoodrum,1
jaynewthb,1
slmandel,1
catch,5
twitter,5
tlschwerz,1
oh,5
ednieto05,3
w,13
ğŸ¥ºğŸ˜›,1
eating,1
feeling,7
//t.co/vpcpubmwt4,3
//t.co/byizuvzjrr,1
mlbcathedrals,1
mike,1
francisco,2
the_chad11,1
atardecer,1
saints,2
bench,1
âš¾ï¸âš¾ï¸âš¾ï¸âš¾ï¸âš¾ï¸âš¾ï¸âš¾ï¸âš¾ï¸âš¾ï¸âš¾ï¸âš¾ï¸âš¾ï¸âš¾ï¸,3
likely,1
ğŸ˜,1
instead,2
//t.co/ltuky7jnzv,1
ass,5
enjâ€¦,2
take,33
could,15
hump,1
stingemrays,1
93,1
fulâ€¦,1
ğŸ¤£ğŸ™ˆğŸ˜†ğŸ’™ğŸ’™ğŸ’™,1
ghosts,1
brett,3
already,6
//t.co/xig9yx56nx,1
legacy,1
majes,1
hits,6
ğŸ˜«,1
luv,1
tampabaybuccaneers,1
10.,1
selenaaxo,1
decides,2
michaelschwab13,1
x,4
endsars,2
Ã¡ngeles,1
juliourias27,1
reiterate,1
abilene,2
picking,11
//t.co/o8rji3znzr,1
//t.co/yd2qihuhqe,1
ğŸ’™âš¾ï¸ğŸ’™âš¾ï¸,1
depends,3
message,1
italian,1
sb,2
praying,3
snellzilla4,3
best,24
..,25
hope,25
2005,2
shonzo_35,1
grillfather,1
//t.co/gtipa41wfl,1
smoked,1
a_bercaw43,1
jimcallismlb,1
wichita,1
months,1
coin,2
son,2
terry_bartlett,3
feelin,3
raystwitfam,4
city,5
complexsneakers,1
tampabayrays,4
republic,1
oprahspinfrey,1
ring,5
mvp,11
ever,12
cactusjackk__,1
mikerpoolservice,1
type,1
mlbwave,1
upstate,1
//t.co/csywbsnhac,1
pink,2
mamis,1
dougwaechter10,2
//t.co/qf2zbr5fjh,1
purÃ©e,1
adjourns,1
triggered,1
squads,1
counselor,1
considering,3
tell,9
pic,2
noketchupchi,1
root,7
wife,3
fb,1
remember,5
role,1
cowboysmama42,1
//t.co/pxzfr51tsn,1
preds,1
mccann,1
//t.co/dzmqmzmy9u,1
utilized,1
kick,2
espero,2
oddly,1
â™¡,1
llena,1
michaeldavis,1
hugs,1
quote,1
prayers,3
hollywood,2
6-4,1
cÃ­clope,1
playoff,3
f5,3
breaking,5
//t.co/nzfaqdztbc,1
reaâ€¦,1
suite,1
found,4
jorge,1
//t.co/nskafd5tqt,1
asap,1
sandiego,1
espn,8
believe,11
seahawks-cardinals,1
beanie,2
telling,1
links,1
rexchapman,1
//t.co/quayftjmlb,1
dong,1
umm,1
dodgers-rays,4
//t.co/ihdofgd2ar,1
mlbrandomstats,1
fuctupmike,1
//t.co/5pls4knirj,1
robinson,3
fifth,1
//t.co/uuemf4fvqh,1
uâ€¦,2
ourâ€¦,1
//t.co/uzteafjjwr,1
40-man,1
//t.co/hiakox5zwj,1
ji,1
ğŸ–¤ğŸ¤ğŸ–¤ğŸ¤ğŸ–¤ğŸ¤,1
full,1
pray,4
joda,1
bronco_fanatic,1
kendall_grayson,2
constantly,1
2nd,2
rays1299,3
funky,2
appreciated,2
//t.co/9ocovbde2r,1
parents,1
8pm,3
stupid,2
lost,3
hostile,1
degenerates,1
traveâ€¦,1
//t.co/gunenwoqzs,1
//t.co/scweitz27e,1
tattooed,1
ph,1
//t.co/fdxpxfekug,1
britt,1
wear,1
sleep,2
tie,4
//t.co/dgkqaystfc,1
trays,8
check,3
december,1
2.5,1
pops,2
//t.co/i3mlbehoae,1
saw,3
//t.co/yk43e7o4hp,1
lakersnation,1
//t.co/briomuecjk,1
degromsburner,2
//t.co/pwvyibkezv,1
-kanye,1
//t.co/drks4zlshz,1
picks,2
ago,5
muncy,8
budweiser,1
âš¾ï¸,14
look,17
caimrisek,1
//t.co/qd9efmqurx,1
bias,2
//t.co/4tvjyygbic,1
//t.co/m9hhfgxnwk,1
voted,4
intense,3
/,8
tbl,1
rowdygirlplays,1
carry,1
cant,1
pleaseeeee,1
jfreewright,1
_spacebar,1
-115,1
mikey84643371,1
//t.co/1lpzywbgkw,1
randy,23
alley,1
unreal,4
yo,2
rule,1
ğŸ¥¾ğŸ’ªâš¾ï¸ğŸ”¥ğŸ”¥ğŸ”¥,1
politico,1
nomas,1
7ğŸ”¥ğŸ”¥ğŸ”¥,1
put,4
//t.co/cba43y2kbh,1
commanding,9
especially,1
//t.co/55qxb2gsqg,1
adames,1
shed,1
ğŸ¤‘ğŸ¤‘ğŸ¤‘,1
volvamos,1
â€¦,19
serving,1
ğŸ™ŒğŸ¾,1
lemon,1
dance,1
1988,7
citywalk,1
kÃ­ke,1
jay_z_daily,1
fkn,1
coupâ€¦,1
promise,1
georgelopez,2
doyers,3
symbolicart,1
//t.co/4ggh19n9je,1
3more,1
dodgersfdn,1
worked,1
class,2
rest,5
fernandovalenzuela,1
fâ€¦,3
hype,1
thin,1
hernandez,1
timeout,1
owneâ€¦,1
committee,1
//t.co/1po1bz0xkr,1
//t.co/syhr45agrt,1
cityhallselfie,1
compliments,1
//t.co/ukplczpizh,1
neck,1
arms,1
2014,1
dear,5
sc,1
2020yearoftheraysâ€¦,1
keeps,3
caquino1225,1
bring,10
floridaperson22,1
//t.co/yanofdcc4b,1
narrates,1
biter,1
news,5
â€,22
//t.co/xkaxz78fmh,1
archer,1
shoes,2
adopted,1
fr,1
dominate,1
5pm,3
spoke,1
//t.co/5iweobvpwo,1
ğŸ˜¬,3
american,1
6-5,2
lazador,1
hunterdavis_80,1
hearing,3
pretty,4
escogidobbclub,1
soul,1
necessarily,2
raiders,4
stash,1
extra,2
//t.co/luzdizo81e,1
blew,3
n't,15
//t.co/uz8kx3dwx0,1
seal,2
serious,1
picheo,1
//t.co/ghrihin1d9,1
sincerely,1
mason_mcrae,1
//t.co/mgggm0xvqw,1
iconic,1
daisdza,1
appreciate,2
pitcheâ€¦,1
ha,3
outlast,2
que,10
se,2
focused,4
lo,1
bout,4
serve,1
really,17
wishuponestrella,1
loveourteam,1
//t.co/ycl1xj8odu,2
nights,2
jongordon11,2
bobbleheads,1
khalifa,1
sâ€¦,6
november,1
staying,1
//t.co/plp3akumlb,1
//t.co/80kbobfgek,1
watermelon,1
johnson,1
//t.co/x8l4thnzjo,1
//t.co/yjvrprmfwl,1
lengthy,1
pm,1
rox,1
grandpakersh,1
//t.co/tfjfqw1min,1
campaignâ€¦,1
bts,2
secret,1
34valenzuela,1
dodgersdown,1
pacinwags,2
tampasportsgirl,1
wreck,1
8ğŸ”’,1
csayf23,1
equivalent,1
pat_light,2
spend,2
prob,3
peldaÃ±os,1
beat,8
algattullo,1
left,6
survival,2
mlbnetworkradio,2
guys,8
cowboys,2
......,1
28,4
//t.co/t9timlbelz,1
morton,8
//t.co/amlbi2jqr7,1
they'â€¦,1
iiiiiiiiiiiiiiiiiiiiiiiiiiiiiiiiiiiiiiiiiiiitttttttttsssssssss,1
professor,1
//t.co/eyrqceyoc6,1
retweet,1
â€™,511
wrongjerseysmlb,1
sosofiefatale,1
compelling,1
wild,3
nba,21
dub,5
wan,8
yea,1
flip,2
easy,2
gaâ€¦,3
tulsa,1
//t.co/ioo8pvyloe,1
le,4
ğŸ™‹ğŸ»â€â™‚ï¸,1
letsgetitdone,1
//t.co/9cqeabhs03,1
ourtown,1
brand,1
blows,1
ğŸ˜—,3
russ,1
ronbigsly69,1
//t.co/iojog0xkm2,1
maâ€¦,1
floro,1
jairolarin1,1
//t.co/ljl0wv5mfs,1
martinez,1
bottles,1
ğŸ’™âš¾,1
polyesterunis,2
smith,2
zâ€¦,3
mixed,1
mini,2
radio,4
c_brusca,1
yokedyandyman,5
norte,1
duranjoshuaa,1
determine,1
keenparts2,1
//t.co/u2lienq44d,1
predictions,1
experience,1
palm,1
//t.co/6dv5vynib0,1
podcast,1
talent,2
ğŸ’™ğŸ¤ğŸ¼,1
//t.co/svpnjhupzx,2
viene,2
//t.co/1vmlc1n9ah,1
goddamn,1
12,5
est/4:30pm,1
gobucs,2
wflastacie,2
5,36
toobin,1
title,7
tormentor,1
rezaaslan,1
coachlrj,2
//t.co/x54i7seesj,1
ğŸ¤¦ğŸ½â€â™‚ï¸,1
seeds,1
dark,2
allowed,4
favors,1
turner,4
theme,1
pregame,8
mlbfilmroom,1
week/weekend,1
//t.co/ewfbe1oejw,1
kobe,2
this4u2kobeğŸ,1
sick,5
bibleverses,1
las,1
game6,1
yaaas,1
programs,1
jeffrey,1
fell,1
culli_maw,1
youtube,4
excited,3
uniforms,2
singâ€¦,1
bigkidatheart77,1
ahhhhh,1
graysondolan,1
gooooo,3
wubble,1
kobebryantforever,1
end,10
afecta,1
lavidalysandra,1
tbsbraves,1
giving,1
didnt,1
//t.co/li5gvcvbxz,1
bethgrantactor,3
hocks,1
baseballcodes,1
enemy,2
ladodgersâš¾ï¸,2
booooo,1
time,67
jugarÃ¡,1
rayshaun,1
forget,2
young,2
lakeshow,3
cursed,1
promo,1
smooth,1
okay,4
derby,1
guitarist,1
sexy,1
's,94
noah,1
angel,2
br_betting,1
ğŸ˜´ğŸ˜´,1
topps,3
damn,8
x-rays,1
dammit,1
mckinneynorthhs,1
?,153
businesstrip,1
comerÃ­a,1
//t.co/snxccxx1lq,2
maxwell,1
//t.co/nve2nivolv,1
ğŸ‘Ÿâš½ï¸,1
tcddoyle,1
wishing,1
clayton,2
freese,1
1/3,1
manger,1
//t.co/vi9ar28tkn,1
attempt,1
juegos,2
medication,1
super70ssportsâ€¦,1
buckeyechris98,1
//t.co/p5pxileuoh,1
bets,1
jimiuorio,1
slugginâ€¦,1
evan,3
prays.â€¦,1
vote,1
bumped,2
evil,1
care,7
nonsense,1
multicultural,2
coke,1
robmacfarlane21,1
clockdodgers,1
armstrong8785,1
ğŸ˜›,1
dont,7
ranks,2
//t.co/w4skx0f9cv,1
return,1
tech,2
//t.co/wvwivbokwc,2
face,4
opener,1
experts,2
//t.co/v4p5vrw1vm,1
lori,1
adversaries,1
randyarozarena,3
under2catching,1
something-something,1
yankees/dodgers,1
foâ€¦,1
extremely,3
ğŸ¤”,5
paradise,1
mlbworldseries,1
dates,1
stewart,1
2017,5
//t.co/muovpvxumi,1
contact,1
//t.co/38cuuqdpfu,1
managed,1
bitter,1
lesser,1
redeem,1
tryâ€¦,1
entire,1
liking,1
proudğŸ’™ğŸ’™,1
manziel,1
champa,1
cheers,1
laâ€¦,1
alcs,1
//t.co/cbcpbdwywj,1
ashlyelamsports,1
//t.co/nvdrszpakc,1
somehow,1
//t.co/siilsocyj5,1
closing,1
checking,2
soxpride,1
ghsa,1
destrade,1
petersburg,3
fasttimesatrf,1
wanted,3
fully,1
thetoyman1,1
smoking,1
pattern,1
peeps,3
ray,5
20.,1
//t.co/moisx9lnlm,1
itz_travy,1
richparr79,1
ğŸ›¹,1
ot7,1
chester,1
-132,3
stand,3
ğŸ˜Œ,1
Ã—5,1
tells,1
kenley,1
8-4,1
ğŸ§¡ğŸ’™,1
leaves,2
small,6
though,2
twittersports,1
garv,1
ill,2
//t.co/lue6rl9evv,1
michigan-minnesota,2
eran,1
//t.co/d5t34bckc3,1
usrepkcastor,1
worklife,1
wifiblonde,1
style,3
pantera,1
coldbeerdanny,1
shock,2
repcharliecrist,1
orestes,1
celebrationsignninjas,1
anna,1
regret,2
pour,1
ehammerlocks,2
chinn,1
joebiden,1
lately,1
come,9
loving,2
ğŸ˜³,3
truth,2
stopping,1
quenblackwell,1
camera,1
//t.co/vyb0ycufbp,1
runs,14
sustainedsuccess,1
voimaoy,1
de,23
proper_stevo,1
bags,1
raysupâœ¨,1
jonmorosi,2
weak,1
career,2
oklahoma-250ğŸˆâœ…,1
comer,1
bowl,2
cycloptomese,1
raysupâ€¦,6
host,2
-6,1
friend,2
bounce,1
flight,1
//t.co/cxng5mefed,1
clock,2
mlbdrafttalk,1
leaned,1
ğŸ˜‰,5
//t.co/dqwa0ilgwc,1
urÃ­as,1
//t.co/nbyowbxmsl,1
hamburguer,1
ğŸ™ğŸ¾ğŸ‡³ğŸ‡¬,1
lovefoodchef,1
seasonal,1
zaconthemic,1
sportsnetla,1
decent,2
&,43
ğŸ’¥ğŸ’¥ğŸ’¥,1
root4rays,1
//t.co/s2sqvzrolg,1
sportsbiz,1
comfort,2
hershaw,1
//t.co/xh96ilo8cl,2
//t.co/ynbe1jkzdf,2
bodell,1
//t.co/tlrl5h436y,1
budget,1
pulling,3
//t.co/pagcg88hoj,1
yousuck2020,1
rosemary,1
solid,4
tb,9
legendary,1
link,1
makes,8
suggestions,1
//t.co/1fx1uehylj,3
aass,2
edt,1
crazy,3
urias,2
ğŸ˜«ğŸ˜«ğŸ˜‡,1
missed,2
black,1
thebighurt_35,1
tonight,197
dlcama,1
aussie27usa,1
//t.co/l0qvtvg1e1,1
lbj,1
0-4,1
fine,1
fix,1
goodâ€¦,1
jeff_attinella1,1
gsoc,1
//t.co/xhalu2ti4c,1
thisgrilllife,1
//t.co/srmw6zww1q,1
vozdelfanatico,1
gus,1
livingthedream,1
props_n_tennis,1
dayâ€¦,1
fire,2
wwe,6
play,16
//t.co/zncjk0d4ag,1
right,23
clinch,1
californiaâ€¦,2
celebrate,6
always,8
//t.co/rzfsxwze4w,1
russell,1
daninfortworth,1
championship,14
usaosj,1
83,1
fg,2
thisğŸ’™,1
bellinger,2
goooo,2
captaintj_,1
1-0,4
1q,1
either,7
wow,4
raped,1
close,11
//t.co/7yzhnxks3u,1
lrgbeats,1
ğŸ˜â€¦,1
yard,2
quien,1
rookie,1
change,3
angeles,24
expects,2
listen,6
follow,3
korea,1
2-1,1
nrwarriors,1
ğŸ˜,2
stinson,1
ğŸ¤¡,2
keith,1
1050,1
looking,5
dÃ­a,2
â˜ºï¸,1
uses,2
dodgers52,2
double,1
beloved,1
competitive,1
crap,1
portos,1
govs,1
cardinals,4
carter,1
brianregancomic,1
//t.co/osomvmabbf,1
prepping,3
//t.co/piine7zdbn,1
argument,1
craigbiggio,1
online,2
244,1
jordanbone,1
fangageinc,4
halloween,2
illini,2
abouâ€¦,1
brilliant,1
lindsey,1
2017.,1
attempts,1
digan,1
covered,2
globe,17
classic,1
bus,1
around,2
practices,1
notgaetti,1
//t.co/mpqbqpxzsz,1
playball,1
ruin,1
tieneâ€¦,1
mis,1
a1,1
virginia,1
gowhitesox,1
jack,1
roads,1
losing,3
goose,1
rolling,3
7-6,1
bbb,1
road,1
colleagues,2
pat,3
//t.co/dgobjg44fc,1
putting,1
3,42
citi,1
20036,1
bp,2
//t.co/khm42paluz,1
mano,1
year/,1
38:00,1
cooler,1
mi,2
//t.co/3gaq3jlnsu,2
molestia,1
bulldogs,1
8,19
1986,1
bullshit,1
ğŸ’™âš¾ï¸ğŸ†ğŸ–¤ğŸ’,1
place,5
together,1
originally,3
buehlersdayoffâ€¦,1
ğ™ğ™šğ™§ğ™ğ™šğ™¨,1
statistical,1
leads,3
klein25,1
learn,6
erinbluizz,1
edbermea,1
5th,1
wise,1
budelliott3,2
//t.co/bqotkn6gxn,3
cardinal,1
//t.co/etvrjsecct,1
monday,1
4:30.,1
2020worldseriesâ€¦,1
dodgersfan,1
thesportslodge,2
happen,4
mofo,1
dem,1
checks,1
slim,1
hearâ€¦,1
rick,1
breaks,1
//t.co/y6k1n74sav,1
rbis,1
previâ€¦,3
great,30
breakout,1
margot,2
mcksteve,2
made,10
//t.co/pv1zdgqaim,1
someâ€¦,2
everyday,5
//t.co/yb9ei6j7wt,1
starting,5
played,11
wisconsin,3
exactly,2
short,4
//t.co/bge8ojvyts,1
baseball,37
shows,2
exposfest,1
chiefs,1
keep,10
loss,6
selection,1
billshaikin,1
buccaneers,4
shortened,1
meandsomebodydaughter,1
guâ€¦,1
gâ€¦,1
omg,6
arâ€¦,1
herbert,1
smell,1
depth,2
trying,2
ğŸ˜•,1
triciawhitaker,3
ducky,4
//t.co/wg4alshxu9,1
told,1
ov,1
hats,3
desde,1
c,2
sun,1
//t.co/vg01ef9z4t,1
tylermon5,6
//t.co/55djsr6nas,1
amardeepmcfly,1
nrfi,2
owner,1
house,2
//t.co/c7zq0egtn1,1
weapons,1
//t.co/xgslmvs76l,1
//t.co/phaeaopqis,1
fear,3
covidaho,1
seeâ€¦,1
daughter,1
thanâ€¦,2
chosen,1
denver,1
call,6
give,3
durhambulls,1
1b-cody,1
ferriâ€¦,1
sharing,2
save,5
pineapple,1
work,12
baseballchickie,1
ğŸ¯,1
twitch,2
aaronjacobson10,2
//t.co/cyaeaxz2vy,1
tonightğŸ¥º,1
mango,1
//t.co/iszfm1ekwq,1
changed,1
wildly,2
videosfolder,2
duringâ€¦,1
wxbrad,1
criticized,1
//t.co/njxkhcxek3,1
talâ€¦,3
gonzo_mlb_55â€¦,1
por,4
talaga,4
mlb2028,1
66,1
many,13
tmrw,1
runğŸ˜‚,2
football,5
samangell2007,1
ğŸ™ğŸ™ğŸ™ğŸ™,1
//t.co/5kcjb6ip9g,1
//t.co/suktdrjmjl,1
piratesâ€¦,1
ernie,1
;,50
bnightengale,1
17,2
bowden,1
weeks,1
illuminated,1
tenkawakouji12,1
wood,1
shots,1
//t.co/aghhlfm2kd,1
familygamenight,1
jifulife,1
louisiana,1
hundred,2
jr,1
cat,3
dsoldevila,1
itsjenramos,1
para,4
technician,1
uriâ€¦,1
important.ğŸ‘‡ğŸ¼ğŸ‘‡ğŸ¼ğŸ‘‡ğŸ¼,1
brandon,4
ğŸ’ªğŸ¼âš¾ï¸ğŸ”µ,1
boltsfan92â€¦,3
hahah,2
aÃ±o,2
ğŸ’™ğŸ’›ğŸ’™ğŸ’›,1
mlbxfox,2
graystillplays,2
salvatore,1
total,2
liar,1
springsteen,1
piano,1
past,1
//t.co/nuzaxpozhy,1
its_dougie_,1
//t.co/rbbdygtm8x,1
dinner,3
minutes,8
facebook,2
eppenbach,1
florida/sun,2
ok,7
ğŸ™ğŸ¼ğŸ,1
culture,1
terrible,1
moral,1
//t.co/q7dbwgdpsp,1
dodgerinsider,3
2,54
rod,1
hello,3
//,2
ojalÃ¡,2
//t.co/nmlbtpejv3,1
leggo,1
Â¡viva,2
dodgersğŸ¤©ğŸ’™,1
san,1
banner,1
//t.co/mz6xk6hk6z,1
ninja,1
//t.co/in64utfwt2,1
imfeklar,1
gem,3
nanalo,2
ğŸ¥ºâš¾ï¸ğŸ’™,1
job,5
rays,343
//t.co/slcdfr1sq8,1
aspect,1
rural,1
//t.co/b5ykljaa67,2
filled,1
thoughtfulthursday,1
ğŸ¶ğŸ¶ğŸ¶ğŸ’™âš¾ï¸ğŸ§‘ğŸ»,1
eagles-giants,1
workout,2
tune,2
chakra,2
tambores,1
//t.co/5czl2wpiv2,1
trayseasick,1
gioursheia,1
ğŸ”¥ğŸ”¥ğŸ”¥,4
year,40
thesolardude,1
dump,1
clearly,1
boards,2
tied,3
yeah,7
patdonovanradio,1
//t.co/w4giqblljd,1
navy,1
white,3
baking,1
ğŸ’™ğŸ’™ğŸ’™ğŸ’™,1
99,1
ryyeryye_15,1
clubhouse,1
souvenir,1
procke,1
benefits,2
hâ€¦,2
recorded,2
corporate,2
//t.co/gm53kvz63y,3
ğŸ‘ğŸ½ğŸ‘ğŸ½ğŸ‘ğŸ½,2
sam,3
six,4
//t.co/0kvcj9jbdy,1
outing,2
//t.co/poytdxws5i,1
fallcooking,1
shitâ€¦,1
rode,1
meeting,1
billwalton,1
aaaaaand,1
meat,1
nickcannon,1
corona,1
positive,1
lindor12bc,2
dealing,2
goblue,3
building,1
raysupduceâ€¦,1
charm,2
//t.co/mkmynbxra7,1
performed,1
woreâ€¦,1
cristal,1
thecatonfox,1
rose,2
7am,1
superstar,1
butterflies,1
ğŸ’œ,1
//t.co/5hprc4kkqk,1
al-mahdi,1
boring,1
finished,2
tonightâœŒğŸ»,3
es,4
lock,5
âš¾âš¾âš¾âš¾âš¾âš¾âš¾âš¾,1
r,2
yearâ€¦,1
lakemurraysc,1
//t.co/5xro3alfzg,1
ace,1
luck,11
chase_hopewell,1
gamblingtwitter,1
mlbplayersmlb,1
//t.co/zeo4jhdnhc,2
boyfriend,2
bts_twt,9
let,196
simp,1
jacob,2
till,4
//t.co/wdbhmlbxgl,1
connection,1
routinebaseball,40
lil,1
facing,1
burning_up_,1
ğŸ¼,1
ğŸ“»ğŸ†™,1
determined,1
mondaymotivation,1
visco7,1
ğŸ’ªâš¾ï¸ğŸ”¥ğŸ”¥ğŸ”¥ğŸ”¥,1
defeat,2
royals,2
//t.co/wwmqf5esix,1
anybody,2
//t.co/cviowh1y91,1
became,1
bitch,2
1st,1
90-10,2
//t.co/e87cf2ke0h,1
biggest,1
bed,1
sentiment,1
9th,1
7:30pm,1
6-,1
huntington,2
l.a.jay,1
row,4
//t.co/zmlbxkqyix,1
itscamino,1
//t.co/2upijclqia,1
mark,1
struggling,1
acaban,1
whichever,1
cucamonga,1
nearby,1
stream,2
luego,1
sycophant,1
usatoday,1
line,5
piece,2
obvious_shirts,1
requested,1
hopâ€¦,1
music,2
pls,2
bobby_drake1331,2
@,2049
//t.co/yzzcvgidk4,1
friendlysaturday,1
ğŸ’™âš¾ï¸ğŸ‘ğŸ‘,1
whitesox,1
nhl,5
hitting,2
paniniamerica,1
pool,1
//t.co/bz8iw4xpro,1
greatest,2
caring,1
defensâ€¦,1
athena_grayson,1
fund,1
cody_merrow,1
_____________________,1
//t.co/outb9wrmd2,1
8.,1
cheer,2
//t.co/osuuedxedq,2
ask,3
+150,1
//t.co/7arnbhyvf2,1
hooch902,1
letsdukeâ©,1
wonder,2
seriesâš¾ï¸,5
17th,1
mafia,1
//t.co/ani9zuhmfq,1
johnsheahey,2
takingâ€¦,1
//t.co/smxtpaaqtb,1
powder,1
theo,1
ğŸ˜µ,1
basketball,1
wall,2
//t.co/q4le6qtsxu,2
sold,2
said,5
charger,2
entering,1
unfished,1
dodger,23
//t.co/6hyoo7r7oh,1
tampa,36
uniform,2
ccajoy,1
columbia,1
rigging,1
bleeding,1
nigeria,2
kwhy22,2
todays,1
08,1
hearted,1
830,2
whole,6
soon,7
finest,1
ğŸ’ª,1
7-1,1
knowledge,1
carlos,1
seeing,9
ima,4
address,1
grab,1
ml,10
//t.co/ua8obh7wtq,1
peacefully,1
glad,1
grandparents,1
silly,1
expect,2
branjohansen,1
setting,1
asterisk,2
cry,1
along,1
rub,1
patandaaronshow,1
charlene,1
1.,3
springs,1
uf,1
//t.co/8r2qclupnd,1
distract,2
move,3
duh,1
//t.co/rtzo4fwzyf,1
sheet,1
ğŸ’™ğŸ¤,1
tour,1
russhoops,1
3-1,1
lie,2
want,22
sucks,1
fading,1
home,30
â¦,1
aid,1
ğŸ¯,1
//t.co/fucmlbi2v3,2
sunraysunray,1
entre,4
haveto,1
escalando,1
weekend,3
ny,3
ingredients,1
//t.co/qqigfjmeed,1
ğŸ’¥ğŸ’¥ğŸ’™âš¾ï¸ğŸ†ğŸ‘ğŸ‘,1
sammies,1
100,3
mikepiazza31,1
locking,1
ğŸ‘ğŸ‘ğŸ’™âš¾ï¸ğŸ’¥ğŸ†,1
mood,5
triplets,1
//t.co/fzqp5e2ogs,1
//t.co/4tqxrybzcx,1
thru,3
//t.co/fb79wsbjhr,1
ğŸ˜¬ğŸ˜¬ğŸ’™âš¾ï¸ğŸ’™,1
und,1
simmons,1
bro,4
man,19
sportstalkmatt,2
tooğŸ¤¯ğŸ¤¯,1
mannyrg04,1
edition,1
unis,1
couâ€¦,1
books,4
myhockeytv,1
jay__corn,1
ham,1
virtually,1
ones,1
pride,1
zoom,1
whoisready,1
yfrayssinet,1
grouchy,1
4ï¸âƒ£more,1
10-3,1
jake_ditmars,1
ğŸš¨,1
wings,1
step,1
thisisouryear,3
college,4
cooper,1
xfinity,1
rylan7,1
rt,1
claudesbbq,1
//t.co/ugs4cnb5hg,1
ğŸ¤ğŸ¼,1
comes,1
jsteele78,1
worldseries,255
instills,1
physically,1
prospectslive,1
manager,2
saturday,2
ğŸ˜ğŸ”¥,1
kentremendous,1
8-3,1
ğŸ’™ğŸ¤ğŸ’™ğŸ¤,1
couple,4
lacityofchampions,1
//t.co/rz9chkipzq,1
beattb,4
adamschein,2
hitters,1
group,1
special,3
//t.co/qqyoru626v,1
senfeinstein,1
mastercard,1
austin_meadows,1
//t.co/2ezt6gqvto,1
//t.co/lcjfcwadb0,1
smhğŸ˜‚,1
//t.co/umkxuj611b,1
momenâ€¦,1
//t.co/jnqfs02jyp,1
available,2
arozarena,6
benefit,1
thestevendavid,1
stripped,1
//t.co/uqvq77p06y,1
//t.co/ad9wi7dnj9,1
thâ€¦,1
americanl0c0,2
88,2
hennessy,1
14,3
jansen,3
davewills34,4
bad,12
fuckkkk,1
laugâ€¦,1
behind,4
zadoroznymichael,1
ğŸ‘ğŸ½ğŸ‘ğŸ½,2
r0hernandez,1
excuses,2
ratio,1
doubt,1
attention,3
chairman,1
streaming,1
//t.co/jbffzjqep6,3
bats,5
october,6
much,8
playoffs,6
quite,1
estadio,1
rayday,1
1-1,4
jusâ€¦,1
smacks,1
profound,1
mr.,1
//t.co/dqlqde5ghb,1
âš¾ğŸ”¥,3
),46
renditions,1
//t.co/gv81ebvbr7,1
99inhd,1
decision,1
training,1
yeee,1
1944,1
//t.co/a25zijjcnz,1
trailer,1
near,1
injured,1
//t.co/7g8yfnnlkb,1
treasure,2
looks,3
con,5
paid,2
positivity,1
cares,1
mine,1
760,1
adnansvirk,1
highlights,1
ğŸ˜¤,2
drdenagrayson,8
goooooooo,3
half,4
former,4
producereddie,1
anti,1
%,17
dejan_kovacevic,1
//t.co/tekr972mlb,1
//t.co/rupwnor3em,1
v.,4
ucladodgerfrank,1
blacks,1
_itskingrich,1
mlb,180
okc_dodgers,1
looting,1
stormhour,1
//t.co/mlbc3oyc2h,1
//t.co/hv8q0bdx0h,1
out.â€¦,1
stores,1
termina,1
forth,1
men,2
rogerlodge7,2
chicago,3
famous,1
starts,8
ğŸ˜¬ğŸ˜¬ğŸ’™âš¾ï¸ğŸ’¥,2
uniwatch,1
town,1
siete,1
onâ€¦,2
//t.co/jf34xxapet,3
angels,4
bop,1
//t.co/fy8wljq0ft,1
morning,1
//t.co/ufhkrax4bx,1
houston,3
loved,21
51.5,1
tampabaydrays,1
shame,1
adrastosno,1
https,717
fyi,1
build,1
mlbstorenyc,1
feichfem,1
nickswisher,2
stars,1
entrevista,2
//t.co/vxa4pwddij,1
tribe,3
5-1,2
things,6
regular,3
jewish,1
7-5,1
awesome,14
signed,2
arts,2
grant,1
tb_times,1
chillin,1
sends,1
//t.co/j0iephmbqj,1
stay,5
ğŸ’¯ğŸ’¯ğŸ’¯,1
ğŸ˜©,1
impactful,1
id,2
anderson,2
sotaweightloss,1
4am,1
typical,1
sitting,2
ahhhh,1
1h,3
leauge-really,1
grand,2
bandwagon,1
permanent,1
dodgersdiego,1
felt,3
party,4
old,5
char081511,1
pitch,5
sea,1
ğŸ•¯,3
tomato,1
juego,4
//t.co/gjgtnp3lz8,1
zone,1
higher,3
cowboy,1
laurademers8,1
yooooo,1
24,4
//t.co/k6eq43o5lw,1
surprised,1
lata,1
shopping,1
foxtv,3
//t.co/mzridavl87,1
tires,1
letswinthisâ€¦,1
ğŸ’ªğŸ¼,4
thedudist63,1
gafollowers,1
â¤ï¸,3
legit,5
mins,5
//t.co/ekvzu0lfcm,1
awhile,1
gavinnewsom,1
//t.co/v32ibr3umj,1
consolation,2
//t.co/sqrlkpi1db,1
ğŸ’´ğŸ’´,1
600espnelpaso,2
video,1
cap,4
ğŸ¥ƒ,1
//t.co/3wuayksd5y,1
us,20
goingğŸ“‰ğŸ“‰,2
//t.co/pc2wzlijn4,1
fierce,1
oklahoma,2
//t.co/qbu9h2ltlk,2
dtrainmlb,2
//t.co/it4m0jvvko,1
//t.co/e2elbwdcup,1
brain,2
pantone294,3
chip,1
norwegian,2
takes,5
world,375
theatâ€¦,1
//t.co/1yjo83xhnv,1
dÃ­as,2
10,6
'',6
//t.co/iksyrpmuce,1
t-minus,2
5:30,1
galaxy,1
singseveninrain,1
biased,2
random,1
jomboy_,1
tongue,1
celebration,1
pilsner,2
souvenirs,1
cushmanmlb,5
crowned,1
//t.co/tvlqfzdon0,1
breyonnataaylor,1
drzacharyevan,1
sweet,2
life,21
indians3232,1
staal,1
//t.co/lpansjz9dx,1
//t.co/zdbkc2fsvj,1
breakfast,2
dodgersnationâ€¦,2
ownership,1
lightfoot,1
dumont,1
eagle,1
victory,7
ğŸ‡²ğŸ‡½,3
kershaw.â€¦,1
847,1
dolantwins,1
gracias,2
hunny_bunny22,2
jueguito,1
modmarkdugo,1
mericombs12,1
hyped,4
matters,2
ğŸ”¥ğŸ™ğŸ½,1
heads,2
raysfangio,14
//t.co/uq5dk6dm4p,2
spineless,1
masked,2
smh,1
ğŸ,1
bringithome,1
gvartwork,2
genesis,1
mb_miller,1
airing,1
recovering,1
captainmycaptain,1
jumping,1
ericstangel,1
married,1
cityoftampa,3
side,3
click,2
//t.co/kkin9azafp,1
chadewickboseman,2
unit,1
min,2
ğŸ’™ğŸ’™âš¾ï¸,1
dodgersblue,1
ğŸ‰,3
probably,4
value,1
watcher,1
article,2
admirer,1
henry59778785,1
tricitystorm,1
ğŸ’™wsğŸŸ,1
jadengs2003,1
cbs,1
2004,1
coveredâ€¦,1
alinouriphd,1
fish,1
seis,2
birdie18th,1
reverse,1
everyone,11
healthy,1
grew,1
juanctoribio,1
+108,1
dahn,1
atlanta,2
family,6
buybossbox,1
facts,1
ğŸ’ªâš¾ï¸ğŸ’™,1
later,2
pâ€¦,1
fuck,9
blm,1
climate,1
hoy,5
//t.co/mlbukcdohv,1
virtual,2
conceded,2
smart,2
//t.co/1ezfoslxmc,1
smoke,2
ganan,2
jessa_bangerter,1
themâ€¦,2
//t.co/nxktneqc8j,1
restaurant,1
ğ™’ğ™¤ğ™§ğ™¡ğ™™,1
-110,2
//t.co/7thprabjje,1
the_lock_bot,1
//t.co/lamlbmnqvk,1
spots,1
tt,2
//t.co/d7t8mam8jv,1
lifeandstyleish,1
million,1
dpshow,1
smashed,1
pay,1
lwlw2,1
target,1
jewel,1
museum,1
goat,2
perâ€¦,2
//t.co/o1mramlbf1,1
cerquita,1
sunday,1
drugs,1
reach,1
mundial,5
bringing,3
history,7
itâ€¦,4
eat,1
ğŸ™„ğŸ™‹ğŸ»â€â™€ï¸,1
ğŸ¤ğŸ½,1
stats,3
anyâ€¦,1
ğŸ™ŒğŸ¾ğŸˆğŸ’ªğŸ¾,1
wbrayhs,1
//t.co/8uibqsnrg6,1
//t.co/owy3ne9ldv,2
bull,2
thebetterlehman,2
aimeetambwe,1
-120,1
ibleedblue,1
number,4
dog,3
therealspin4you,1
hermanntrude,1
bat,1
1920,1
//t.co/hsdcxab2rd,1
4+,2
compliment,1
stache_mlb,2
sparc,1
writers,1
//t.co/2os2skne8f,1
matchup,2
realize,2
nail,1
mlbnyc,1
//t.co/e9c56dam3i,1
votehere,1
joedoylemilb,1
argelis_mlb,1
case,2
sleeve,1
//t.co/1ttwevrkgs,1
sex,1
willy,1
//t.co/k4drqe6kdp,1
firstâ€¦,1
abaesel2,1
baseballcards,1
iâ€¦,2
school,3
inning,5
progreso,1
tony,6
yungjoc650,4
obelisk,1
easier,1
//t.co/4xcnnabwza,1
//t.co/elct1x4fjh,1
ğŸ“º,1
``,9
tee,2
randiinicholee,3
duransports,1
arrival,1
rudygiuliani,1
5-3,5
version,1
triple,1
tonydasco,1
baseball_ref,2
flags,1
//t.co/s2vlol6v0p,1
states,1
pumped,2
go,233
buddy,4
benkruse144,1
dumb,2
worldseriesâ€¦,1
//t.co/hv3bzqkstq,1
cf,2
energy,1
mcwhitedj,1
dying,1
photo,8
ğŸ˜”,2
//t.co/m4wdsakngo,2
plus,1
10â€¦,1
tx_live,1
//t.co/nn59ph79zz,1
âœŠğŸ¾,1
yoongi,2
toriihunter48,1
byu,1
necessary,1
budweiserusa,18
woahgrayson,1
ğŸ–•ğŸ¼,1
batear,1
//t.co/bplapbndun,1
32,1
ğŸ˜‚ğŸ˜‚ğŸ˜‚ğŸ˜‚,1
superbowl,1
point,5
pitchingschool,1
clarified,1
wakeheart,1
quick,2
capitols,1
seriemundialxfox,1
making,3
ball,12
f,3
getthewin,1
mookiebetts,6
usually,1
seriemundial,3
macron,1
//t.co/3az8bytot8,1
dawg,1
dodgers-4,2
domina,1
bottle,1
//t.co/rmlbkjalsb,1
think,29
fucken,1
thing,10
losdoyersâ€¦,1
watchin,2
wrong,4
ğŸ¦„,1
ğŸ¦¾,1
voicemail,1
mess-up,1
28m,2
jairo,1
porquÃ©,2
general,1
//t.co/krtdcxzqww,1
covers,2
amados,1
//t.co/0gpfglz5wi,2
need,28
dan,1
uni,1
perfect,1
7.,5
//t.co/dksmxbf88r,1
died,1
relaxation,1
stomach,1
drinksuperco,1
cahnemily,1
yankeelibrarian,1
sydney,1
paintings,1
power,1
taking,9
important,1
dollar,2
nevada,1
race,1
//t.co/hc2tb7xksg,1
ccaprays,1
andâ€¦,2
prays,8
ben,1
//t.co/4qobafyvhp,1
1,64
asleep,1
wine,3
forâ€¦,4
carolina,2
getmeashirtrays,2
feel,5
3-2,8
game5,5
included,1
ilovela,1
plays,2
huge,6
tampabay,1
food,3
earlier,1
expos,1
late,1
givin,1
bobbyfi,1
ğŸ’™âš¾ï¸ğŸ’¥ğŸ™,1
//t.co/oawamgs1ey,1
haâ€¦,1
rudyjay760,2
choi,8
approach,1
sign,2
ğŸ˜,3
//t.co/ao7lnyxm2b,1
parking,1
hora,1
fail,1
importantly,1
joelccarlos,1
//t.co/crmlbfpmkx,1
//t.co/aow7o5w8ph,1
//t.co/4u1zigjiw9,1
ğŸ˜©ğŸ¥ºğŸ™ğŸ¼,1
favorites,2
mookie,9
1er,1
julianguilarte1,2
woo,1
marshmelo24,1
instant,1
âš¾ï¸ğŸ§¢,1
period,1
ğŸ¤¦ğŸ¾â€â™‚ï¸i,1
live,11
pissant,1
ğŸ’ªğŸ¼ğŸ’™ğŸ¤,1
repetitive,1
aidanbutler,1
melissasproduce,14
lâ€¦,1
125,1
gonoles,1
oregon,1
touchdowns,1
//t.co/dkk97ahg2m,1
plssssâ€¦,1
2010,1
//t.co/1rsfekv7p4,1
covid,2
âš¾ï¸ğŸ”¥âš¾ï¸,1
favorite/most,2
garycarterkid,1
hoping,4
namjoon,1
2b,1
ship,2
//t.co/0eu4zglfn6,1
happens,4
drink,6
staff,1
ah,1
activated,1
emotion,1
rayyearbook,1
regardless,1
struck,2
tomorrow,9
1991,2
roty,1
coffee,1
ğŸ˜‚ğŸ˜‚,4
chiva,1
top,4
randi_radcliffe,1
camden,12
rootâ€¦,1
worst,2
cuz,1
ana,1
âš¾ï¸ğŸ‘ğŸ¼,1
passed,1
crapload,1
warm,1
enough,4
ğŸ”¥âš¾ï¸,1
kirk,1
cougars,1
settled,1
proudâ€¦,1
ratings,5
hold,1
sleeper,1
lafc,1
626,1
oilâ€¦,1
part,3
â€œ,22
//t.co/gil9ozfyx9,1
kelby,1
//t.co/vcgbfmhksj,1
tshurtz51,1
rayshawn,1
lit,2
listening,2
//t.co/iapegaqb6a,2
tigermike1975,3
noaa,1
wish,1
'only,1
kiddin,1
guessed,1
hesperia,1
âš¾ï¸ğŸ¢ğŸ”¥,1
classy,3
cheap,4
cause,4
wait,11
understands,1
louisville,1
//t.co/mfxdwborkm,2
//t.co/fwr2jnjctu,2
becauâ€¦,1
closet,1
pathetic,1
kicking,2
ğŸ¤ğŸ’™ğŸ‰,2
//t.co/iqhtx7spex,2
dodgersdigest,1
flying,2
chef,1
towards,1
album,1
thoâ€¦,1
hanging,1
brandfather,1
ballot,2
//t.co/ioq28bwrul,2
collected,1
big,28
spann,1
statistics,1
giveaway,1
adorable,1
joeylinn_,1
priceless,1
ğŸ™ƒ,1
o4.5,1
ğŸ‘‡ğŸ¼,1
wht,1
ğŸ‘ğŸ¼ğŸ‘ğŸ¼ğŸ‘ğŸ¼,2
spoken,1
//t.co/i1tb2gchki,4
frank,2
interview,2
naestrays,1
lean,1
modoworldseries,2
head,1
nasty,3
raidernation,1
moments,6
575,1
therealm0mster,1
o7.5,1
organization,1
prestigegallen,1
wrote,2
debut,1
siash__,3
//t.co/zmdwy9hvlz,1
//t.co/6iksyrox45,1
president,1
2020yearoftherays,1
despiâ€¦,1
kristleblais,2
recliner,1
//t.co/qtmftoc1ju,1
rang,1
big_daddy_ott,1
talkingchop,1
nu3va_york,1
//t.co/h08puasurj,2
sal,1
ya,16
envelope,1
darazanescullyâ€¦,1
franchise,1
ncaab,2
fives,1
mlb_players,1
rockymtnheeler,1
culver,1
//t.co/iphnahp4ku,1
sportsbetting,1
congratulations,3
sandrapalomo,1
//t.co/bncsb2uc58,1
sps,1
severe,1
village,1
mlbonfox,35
sort,2
thanks,9
ğŸ•,1
bullpen,6
jiggy,1
lockedonrays,2
gobills,1
playeroftheyear,1
//t.co/odfnbrsbm1,1
bruh,1
compare,2
asf,1
verlander,1
attire,1
ğŸ˜âš¾ï¸ğŸ’™,1
incompetent,1
fersureeeeeeee,1
notâ€¦,1
va,2
dodgerslowdown,5
getting,18
//t.co/u9vl8ddxqc,2
arlingtonâ€¦,1
conexiÃ³n,1
tom50448150,1
beltran,1
cocktail,1
volume,2
estÃ¡n,2
elliott,1
held,3
//t.co/kbqwazgkge,1
ğŸ¥°â¤ï¸ğŸ’ğŸ™,1
steve,1
corrupt,2
//t.co/wqrgnrjqdt,1
bent,1
usa,2
//t.co/d9sri2pexy,2
42,2
bobjone16132958,3
film,1
ğŸ‘ŒğŸ½ğŸ‘ŒğŸ½,1
dunk,1
book,7
ready,27
freddiefreeman5,1
lots,3
//t.co/st1xtlzlta,1
//t.co/gsv8u7bzbf,1
//t.co/gxmf7ftumr,1
joey,1
nesnafterhours,1
//t.co/ubg8nwpitq,1
850.,1
hellinacell,3
dodgersmoment,14
//t.co/fombgsmfpx,1
fastball,1
recent,1
fanning,1
tostitos,1
noche,1
little,10
north,1
bbutcherboy1,1
...................,1
ave,1
plano,1
//t.co/xafmh6q16c,1
23-4,1
episode,1
person,1
biden,3
first,23
letting,2
200,3
begin,3
certain,1
youalreadystolemyheart,1
4.,2
azzwipe,1
shane,1
freshman,1
warning,1
coronavirus,2
3ptcnvrsn,1
seen,5
80,1
dropped,1
wrapped,1
hershizer,1
canâ€¦,1
scumbag,1
holy,1
woke,1
fr3derick82,1
locally,1
mccall_grayson,1
break,4
havâ€¦,1
u,12
st.,4
uneeq_,1
-6.5,1
totally,3
laura_nelson,1
âš¾ï¸-160,1
drip,1
tâ€¦,3
rather,1
3:07,1
libs,1
mlbilinski,1
renting,1
j3montijo,1
alexsaurous2,1
seattles,1
ahhh,1
btsoriented,1
jasonblewitt30,1
difi,1
trump,3
wendy,1
ğŸ†ğŸ†ğŸ†ğŸ†,1
//t.co/bufvbga4ob,1
graterol,1
boiler,1
finishstrong,1
//t.co/no1wlbnkgu,1
perfecciÃ³n,1
wholesome,1
personal,1
losangelesdodgersâš¾ï¸,1
diamond,2
officially,2
seriesâš¾ï¸todos,2
//t.co/0we7xveh6s,3
thought,6
mlbtheshow20,1
moonlitnites09,2
mound,9
caption,1
usual,2
national,2
views,1
1994,1
blessing,1
cubs,3
oâ€¦,1
maroon/pins,1
chokes,2
ur,3
worse,1
insinuating,1
south,1
kingsthings,2
goliath,2
illegitimate,1
//t.co/nbpjscdo8d,1
-san,1
siente,1
titans,1
fml,1
bless,1
often,1
//t.co/gggsbe0nf8,1
erniedoee,2
1000,2
aside,1
tadelsberg,1
ripkobe,1
manuhel,2
nikediamond,3
help,3
pageeb17,3
derek,1
adds,1
shit,8
ğŸ’™ğŸ’™,3
//t.co/f0bvdgaen4,1
basebalâ€¦,1
say,13
crows,1
jimsingiser,1
bar,2
norahime08,1
âœ…,2
worlds2020,7
7th,1
//t.co/kd30sul4ot,1
scorekeeping,1
hated,1
frankmirahmadi,1
defensive,1
ortiz,7
drew3cook,1
bliss,1
kersh,5
heat,1
dodgersâ€¦,5
woodland,2
season,15
baueroutage,4
pushed,1
//t.co/yb2kilygu0,1
yup,1
bleedblue,7
//t.co/h7rwwhulee,3
pamzad1421,1
//t.co/u69za0t1do,3
ğŸ¶,1
texas,13
alyshadelvalle,1
ğŸ¥ºğŸ¥°,1
traveler,1
fanduel,3
//t.co/oumavmmji8,3
//t.co/jzhgcqzesf,1
stronger,1
lakingsâ€¦,3
whoever,4
ğŸˆâœ…,1
//t.co/x0ymlbi4sr,1
lasts,1
hahaha,1
tpir,1
according,2
//t.co/k5eq6jl74o,1
favorite,4
beatla,6
ğŸ˜‘,3
freestufffriday,1
business,6
//t.co/tw7xm42kyz,1
win-win,1
dip,1
taco,1
jerseys,2
crown,2
tik,1
//t.co/pfcksptqwn,1
maskedsinger,1
gives,4
2022mlbdraft,1
//t.co/5jdww07r3o,1
ğŸ˜­ğŸ˜©,1
watches,3
mugs,1
russiahoax,1
miami,1
ğŸ’¥,2
talks,3
field,10
nationalanthem,1
traveling,1
wx_danielleâ€¦,1
proudly,3
train,2
painful,1
//t.co/yqkfvrhnjh,2
support,3
smlbizmajority,1
thevinscully,1
night,34
network,1
anitaquintana87,1
earned,1
ultimately,1
timbuckleywx,1
drshepherd2013,1
kinda,1
geeked,1
lived,1
jennalemoncelli,1
ni,2
na,19
timneverett,1
//t.co/qxdriajgwy.ğŸ†,1
golf,1
girls,1
seager,1
//t.co/rlrxmnzinb,1
betrivers,1
ang,2
midterm,1
congrats,2
bullpen.â€¦,2
eliminated,1
distracted,1
accident,1
solved,1
gododgersâš¾ï¸ğŸ’™,1
noteâ€¦,1
nadie,1
rivals100,1
trip,1
playlist,1
feeliâ€¦,1
california,8
magicjohnson,6
hey,13
haveâ€¦,2
swing,2
carlosacollazo,1
//t.co/whgpbqkcnv,1
postemporada,2
bigpapi,2
nascarheat5,1
ladodgers,10
carlyraejepsen,6
post-seasons,1
awarded,1
//t.co/exemrpnylv,1
victim,1
pep-talk,1
toppsbunt,3
taylor,2
legend,1
hosting,2
ğŸ™,3
alberto29065792,1
kevinburkhardt,2
york,4
mar,1
la,43
str8smak,1
//t.co/qkxl7pep5a,1
//t.co/eojoy51oy4,1
board,2
seconds,2
hangiâ€¦,1
candidatesâ€¦,1
although,3
ballpark,3
18,3
fall,3
media,1
cover,1
kolbcougarsfamily,1
416_tz_,1
//t.co/beda0msewy,2
harperhookup,1
mf,1
ğŸ™ğŸ½ğŸ™ğŸ½ğŸ™ğŸ½ğŸ™ğŸ½,1
bums,1
raystwinlizzie,1
//t.co/wvogtiz76f,1
reasons,1
fue,1
momentum,1
green,1
caâ€¦,1
raysfan_antonio,1
ejclothingco,1
hcso_org,1
//t.co/wjrthmxzuv,1
bank,1
thankyoubaseballgodsâ€¦,1
//t.co/99jnm0xuqn,1
//t.co/clz2e639xk,3
blue,18
nakashimae,1
bubbles,1
walk-up,1
0,3
coreyseager_5,3
today,45
cody_bellinger,14
//t.co/aqofnm7acg,2
//t.co/vsebxd1uo9,1
third,3
capable,1
maybe,3
//t.co/bhtovxrsnl,2
//t.co/hhfiuokoii,1
ğŸ˜­ğŸ˜­ğŸ˜­,1
jasonrasa,2
gym,1
heartbreaks,1
rallybuds,4
ğŸ’™âš¾ï¸,2
goodluckcharmstogether,1
//t.co/g6mcerbki6,2
forever,2
market,4
stranger,1
queenayiisha,1
serie,5
//t.co/jcostnsakz,1
share,2
energÃ­as,1
gonsolin,11
//t.co/gcwcm9mlbf,1
visibility,1
1.5,1
court,2
bay,23
thomas,1
takingnotes5,3
//t.co/vqtvvcpnlt,2
cute,2
may,6
alabama,1
teambeyondfreak,1
worldseriesstateofmind,1
0fficialstacey,1
covid19tracking,1
places,1
stocked,1
wise_won1,1
eddiewatchesmlb,1
whhp72bill,1
bit,1
dodgersnation,39
//t.co/ijlq110qwl,1
trumpâ€¦,1
lyhartnett,1
tryin,2
anyways,1
coverage,3
larrymlease,1
messed-up,1
//t.co/ottyo5tqpp,2
taste,1
espalda,1
5-4,3
nfl,10
interesting,2
dreams,1
8-2,1
//t.co/tjzlsrg5t6,1
ğŸ¤¯,1
dehydrator,1
ilovemonkeys21,1
nooooo,1
tightly,1
60,3
sweep,4
performance,2
neal,1
loud,1
sooooooo,1
losangelesva,2
says,2
jamboard,1
/mlb/,1
chiefcovfefe,1
draftkings,3
baby,9
informa,1
90dayfiancetheotherway,1
dodgers,1118
thechriswheeler,2
broke,1
prayer,2
championsâ€¦,2
domination,1
itstimefordodgerbaseball,1
90,4
ğŸ¥°,1
radar,1
longbeach,1
vibes,5
tickets,3
metal,1
spenders,1
//t.co/3464qb2eyw,2
grunttalksmlb,2
420,1
raisetheflags,1
raystwinchristy,1
//t.co/ji8mlbhuf6,1
//t.co/zxammlbvgh,1
feed,1
//t.co/a94rq4ffap,1
meidastouch,1
club,2
8.5,2
came,2
seagerszn_,3
fat,2
nervous,6
tampabayrowdies,1
ğ™©ğ™ğ™š,1
screw,1
//t.co/ne2xx6wvdt,1
sprinkled,1
elliot,1
commentary,2
repeat,2
known,1
7-3,3
sigue,1
neither,1
supermaddix64,2
shaving,2
2020worldseries,1
ğŸ‹ï¸â€â™€ï¸,1
ğŸ’™âš¾ï¸ğŸ‰ğŸ˜ƒğŸ˜ƒ,1
mâ€¦,2
true,3
//t.co/evbjc0ngfx,1
trynna,1
8:09,1
high,9
broadâ€¦,1
downtown,1
comic,2
minutos,2
waited,1
//t.co/9v7iq6oirx,1
//t.co/xgxmlb5e0j,1
max,1
run,4
',7
detail,1
//t.co/o8d478oorj,1
padres,1
againâ€¦,1
gmccortney,2
tax,1
//t.co/z1omzwbbyx,1
//t.co/c2uouowmlb,1
rank,1
buen,1
get,69
experieâ€¦,2
hulkhogan,2
understand,2
rhodesromance,1
gane,1
tiny,1
//t.co/reauvxdxrf,1
//t.co/lhshqmmuvz,1
summer,2
//t.co/qssvmlb40i,1
kike,2
ducklings,4
lot,8
traded,2
jjohnsonlesss,1
//t.co/pfp6shvxnf,1
1959,1
almost,13
counciltuesday,1
//t.co/ul997sasyu,1
//t.co/oxjgml3r17,2
michelobultra,34
=,5
drive-in,2
idiots,1
ground,1
phoenix,1
sportstalkfla,1
posted,4
interaction,1
believin,1
patiently,1
sol,1
voy,6
brink,1
rushing,1
7.5,3
specials,1
event,1
form,2
steviestacks84,1
realcolumbiasc,1
clouisluna,1
th,2
please,22
bet.,2
//t.co/afmozz89xz,1
//t.co/lm3un9akt9,1
fighting,2
//t.co/l47x3ojccz,1
price,1
flipping,1
//t.co/iscuids409,1
proof,1
firefighters,1
choice,3
//t.co/uhrntbabtl,1
corvette_jr,1
charlotte,1
ğŸ™ğŸ¼,1
continues,1
chabot,1
gold,1
//t.co/qopayctxkp,1
lovemydodgers,2
murraysville,1
dodgerblue,3
grown,6
gorays,10
hell,2
orleans,1
//t.co/zule0t1byv,1
ganen,2
rceesbarbershop,1
degenzgz,1
cougarsalwaysloudandproud,1
yeyo_gam1ng,1
finally,6
tree,1
ğŸ™ğŸ¾,2
touchdown,1
prescribed,1
stopped,1
saved,1
lake,1
tbt,1
halmarshall2309,2
brooklyn,1
2020,53
//t.co/jtyslykz0l,2
eyes,1
internet,1
slabcinema,1
nahhhh,1
salmuscles,1
trash,3
tbvslad,5
early,5
tgrant3423,1
landed,1
iamraysparo,1
blued,1
fuerte,1
stevesaxspeaks,2
liked,1
godfather,1
hrs,1
're,7
ğŸ’™,7
stole,1
samanthajoroth,1
//t.co/nuaeolmh6h,1
relive,1
scribbledink,2
minute,2
dominic,1
-130,3
crowd,2
flyover,2
reagan,1
//t.co/tgl5sxrivn,2
mayralgomez,1
thinking,6
imagine,2
genuâ€¦,1
ves,1
ğŸ’€,1
nat,1
tnf,1
starwarsistheb2,2
real,7
sfgiants,7
qb,3
sure,9
#,1510
hangingâ€¦,1
renfroe,2
af,1
//t.co/cpg2k1iws4,1
+70.5,1
song,1
sister,1
//t.co/4q1g9zpz4g,1
expire,1
slickmeyer,1
o24.5,1
ğŸ˜ˆâš¾ï¸ğŸ’™,1
stock,1
3.,1
hiring,1
gogoose,1
excitement,1
throwing,2
7-4,2
//t.co/ecd9mcdrmu,1
dbacks,1
filthy,1
108m,2
cespedesbbq,1
ğŸ’°,1
2-2,1
pompous,2
amazing,2
ğŸ’›ğŸ’œ,1
lowest,1
theâ€¦,7
//t.co/dwnegj9d9l,1
7:05pm,1
catalizador,1
phillips,3
hitthebuds,11
stoneyardbrew,1
//t.co/kcugn1ujam,1
130,1
goooooo,3
11/1/17,1
rick_ear,2
box,1
âš¾,2
lastâ€¦,1
installationart,1
tone,1
grove,1
ğŸ˜‚âš¾ï¸,1
amp,43
tasc_stuco,1
//t.co/ppoypgolff,1
announced,1
attend,1
-1.5,3
shouldnt,1
ct3,1
//t.co/qpemlbp80t,1
yep,2
el,13
regard,1
parade,2
barrybonds,3
gop,1
//t.co/rwsshkymhm,1
viendo,1
ice,1
câ€¦,2
arranca,2
tonite,1
//t.co/pjookxiowo,1
surf,1
ğŸ˜ğŸ’™,1
-,32
adecouta,1
powerful,1
whether,1
joeylamarwctv,1
atwater,1
glory,1
buehler,4
woolebull,1
jpnuc,1
boys,18
5.40,2
grayson_jc,2
studs,3
words,1
wack,1
aparicâ€¦,1
teams,8
trouble,1
rooting,16
wnba,1
focus,1
fl,1
amy_shee,1
//t.co/qaozrroynk,1
thenyybabe2,1
spookyartâ€¦,1
goodnewswendy,1
//t.co/tcncrbqgjj,1
ğŸ˜¬ğŸ’™âš¾ï¸ğŸ™,1
1999,2
minors,1
uaisfbaseord,1
til,2
w/,1
guanoking73,1
bigikehoops,1
ms,1
cmon,2
//t.co/ihlai62row,1
visitfortworth,1
bigg_poohbear,1
works,1
visit,1
texan_cheer,1
//t.co/mynlo8li7h,2
professional,2
johnny,1
entry,1
//t.co/s4svplhyeb,1
basically,4
evanlongoria3,1
gon,12
saying,3
prospering,1
en,20
called,1
leaguers,1
btw,2
commercials,3
suntrust,1
introducing,1
astro,1
use,4
ğŸ’ğŸ¥…,1
air,2
cool,6
international,1
a_katzman83,4
gardnerkatyg8,1
//t.co/t0fgpqovww,1
//t.co/cn1rnwazj4,3
bar/restaurant,1
recording,1
bertlingjoseph,3
handy,1
tricia,1
image,2
v3,1
shakopee,1
prize,1
website,2
watta,1
travel,3
hang,1
mikeoxl34628515,1
|â€¦,1
funny,3
areâ€¦,4
tweets,1
week,5
beer,2
utsaftbl,1
believeâ€¦,1
im,9
bomb,1
ufc,2
ken_rosenthal,2
f_trump,1
premiering,1
//t.co/th8hlbcswk,1
//t.co/lv3sksqezr,1
comeback,2
turned,1
tapin,1
coach,2
competed,1
siamicah_,2
join,8
lakerchampionship,1
grayscale,1
pick,4
larkin70,1
//t.co/7hy7eacndc,1
//t.co/0meqigoajg,1
blunts,1
breakdown,1
sheins,2
cuh_cuh_corey13,1
ive,1
arielhelwani,2
....,11
grateful,1
rotation,1
insane,1
atâ€¦,3
209,1
king,1
spurred,1
windows,1
mannn,1
//t.co/tlzdgxuqkl,1
west,8
rosters,1
1/2,1
tx,3
baseballgenius,2
electedâ€¦,1
ari_russian,1
room,3
yesterday,6
epic,1
drops,1
urban,1
samiahanna,6
grayscalepa,1
seriesâ—ï¸,1
juliourias,1
rip,2
ğŸ¥º,2
galore,1
//t.co/rqzgj3oear,1
sandy,1
beast,2
2015,1
del,4
hate,10
expandâ€¦,1
vendors,1
gpollowitz,1
//t.co/elbj5uh7wm,2
senate,1
//t.co/ica9f23kuw,1
bunt,2
//t.co/5iohql3xyy,3
rio,1
cold,2
//t.co/tzb0nrglts,1
ramtuff02,1
volunteer,1
times,2
//t.co/yvnnipoazm,1
teammate,1
dodgeryard,9
vsinlive,1
ğŸ†,2
90s,1
grill,1
rewrite,1
l.a.,6
worldseries2020,23
wtf,1
nice,2
flashback,1
deserve,4
//t.co/unclstqgky,1
hearts,3
cfm,1
trop,1
benny,1
fightinhydrant,1
able,4
sleeping,1
//t.co/p8f1815qsf,1
moâ€¦,2
30,7
giantsfan,1
bucwhatyaheard,1
hm,1
betts50mvp,2
globelifefield,9
idea,1
sigo,1
chapman,1
anxiety,2
uno,2
talking,1
raysrestaurants,1
turns,1
pure,2
fellow,1
cma,1
getspectrum,1
4,37
smiley,1
cuÃ¡les,1
asked,1
grays,3
vs.,5
newprofilepic,1
bofa+,3
ranked,1
sounds,2
theeight8all,3
proved,1
creepy,1
//t.co/hpjanfxmlq,1
geeman1026,1
bears,1
champ,2
nope,3
//t.co/f4uguoumsa,1
-â€¦,2
mallory_jaye,1
gulls,1
//t.co/ej6zfqfblv,1
dksportsbook,2
feartwd,3
deal,6
rohan65531079,1
//t.co/8lf8s7bvng,3
ends,2
bill_fison,2
//t.co/vrx8lqjno7,2
7p,1
zoecadman,1
spring,2
//t.co/uo34fuq2m7,1
took,3
shitheads,1
army,1
pst,1
pier,1
innings,9
nah,2
score,8
//t.co/z1eirfinz8,1
letsgo,2
absolute,1
fun,9
tbtimes_rays,2
cornerâ€¦,1
weed,1
decisions,4
belt,1
yes,10
titlebay,1
captainâ„¢ï¸,1
fruits,1
mouse,1
//t.co/pptxfnsgfz,1
like.â€¦,1
drop,1
stephenstoute,1
6th,2
diehard,1
caminar,1
goooooğŸ™ğŸ¼,1
tweet,2
//t.co/mwgxzsgtop,2
robmanfred,1
david,11
deck,3
cooking,1
7â€¦,1
make,13
martial,2
heirlooms,1
drew,1
raysmoment,20
//t.co/dv2xkccqig,1
uggh,1
//t.co/2ll7mdq8xa,1
shrooms,2
count,3
